negformicacid/[#6;!R](=[#8;!R])(-[#8-;!R])/-318.82//
negaceticacid/[#6;!R]-[#6;!R](=[#8;!R])(-[#8-;!R])/-324.68//
negpropanoicacid/[#6;!R]-[#6;!R]-[#6;!R](=[#8;!R])(-[#8-;!R])/-318.82//
neghexanoicacid/[#6;!R]-[#6;!R]-[#6;!R]-[#6;!R]-[#6;!R]-[#6;!R](=[#8;!R])(-[#8-;!R])/-312.13//
negacrylicacid/[#6;!R]=[#6;!R]-[#6;!R](=[#8;!R])(-[#8-;!R])/-309.62//
negpyruvicacid/[#6;!R]-[#6;!R](=[#8;!R])-[#6;!R](=[#8;!R])(-[#8-;!R])/-286.60//
negchloroaceticacid/[#17]-[#6;!R]-[#6;!R](=[#8;!R])(-[#8-;!R])/-291.62//
negdichloroaceticacid/[#17]-[#6;!R](-[#17])-[#6;!R](=[#8;!R])(-[#8-;!R])/-260.66//
negtrifluoaceticacid/[#9]-[#6;!R](-[#9])(-[#9])-[#6;!R](=[#8;!R])(-[#8-;!R])/-248.11//
negtbenzoicacid/[#6]1:[#6]:[#6]:[#6]:[#6]:[#6]:1-[#6;!R](=[#8;!R])(-[#8-;!R])/-297.90//
negphenolate/[#6]1:[#6]:[#6]:[#6]:[#6]:[#6]:1-[#8-;!R]/-300.83//
neg2methylphenolate/[#6]1:[#6]:[#6]:[#6]:[#6](-[#6;!R]):[#6]:1-[#8-;!R]/-293.72//
neg3methylphenolate/[#6]1:[#6]:[#6]:[#6](-[#6;!R]):[#6]:[#6]:1-[#8-;!R]/-297.48//
neg4methylphenolate/[#6]1:[#6]:[#6](-[#6;!R]):[#6]:[#6]:[#6]:1-[#8-;!R]/-301.25//
neg3hydroxyphenolate/[#6]1:[#6]:[#6]:[#6](-[#8H;!R]):[#6]:[#6]:1-[#8-;!R]/-308.78//
neg4hydroxyphenolate/[#6]1:[#6]:[#6](-[#8H;!R]):[#6]:[#6]:[#6]:1-[#8-;!R]/-324.68//
neg2nitrophenolate/[#6]1:[#6]:[#6]:[#6]:[#6](-[#7+](=[#8])-[#8-]):[#6]:1-[#8-;!R]/-251.46//
neg3nitrophenolate/[#6]1:[#6]:[#6]:[#6](-[#7+](=[#8])-[#8-]):[#6]:[#6]:1-[#8-;!R]/-258.99//
neg4nitrophenolate/[#6]1:[#6]:[#6](-[#7+](=[#8])-[#8-]):[#6]:[#6]:[#6]:1-[#8-;!R]/-241.84//
neg2chlorophenolate/[#6]1:[#6]:[#6]:[#6]:[#6](-[#17]):[#6]:1-[#8-;!R]/-276.56//
neg4chlorophenolate/[#6]1:[#6]:[#6](-[#17]):[#6]:[#6]:[#6]:1-[#8-;!R]/-276.14//
posmethylamine/[#6;!R]-[#7+H3;!$([#7+](=[#8+0])-[#8-])]/-319.66//
posnpropylamine/[#6;!R]-[#6;!R]-[#6;!R]-[#7+H3;!$([#7+](=[#8+0])-[#8-])]/-299.16//
posisopropylamine/[#6;!R]-[#6;!R](-[#6;!R])-[#7+H3;!$([#7+](=[#8+0])-[#8-])]/-291.21//
postbutylamine/[#6;!R](-[#6;!R])(-[#6;!R])(-[#6;!R])-[#7+H3;!$([#7+](=[#8+0])-[#8-])]/-281.58//
poscyclohexanamine/[#6;!a]1-[#6;!a]-[#6;!a]-[#6;!a]-[#6;!a]-[#6;!a]-1-[#7+H3;!R;!$([#7+](=[#8+0])-[#8-])]/-287.44//
posallylamine/[#6;!R]=[#6;!R]-[#6;!R]-[#7+H3;!$([#7+](=[#8+0])-[#8-])]/-301.25//
posdimethylamine/[#6;!R]-[#7+H2]-[#6;!R;!$([#7+](=[#8+0])-[#8-])]/-287.02//
posdiethylamine/[#6;!R]-[#6;!R]-[#7+H2;!$([#7+](=[#8+0])-[#8-])]-[#6;!R]-[#6;!R]/-265.27//
posdinpropylamine/[#6;!R]-[#6;!R]-[#6;!R]-[#7+H2;!$([#7+](=[#8+0])-[#8-])]-[#6;!R]-[#6;!R]-[#6;!R]/-253.13//
posdiallylamine/[#6;!R]=[#6;!R]-[#6;!R]-[#7+H2;!$([#7+](=[#8+0])-[#8-])]-[#6;!R]-[#6;!R]=[#6;!R]/-257.73//
postrimethylamine/[#6;!R]-[#7+H;!$([#7+](=[#8+0])-[#8-])](-[#6;!R])(-[#6;!R])/-255.64//
postriethylamine/[#6;!R]-[#6;!R]-[#7+H;!$([#7+](=[#8+0])-[#8-])](-[#6;!R]-[#6;!R])(-[#6;!R]-[#6;!R])/-228.45//
postrinpropylamine/[#6;!R]-[#6;!R]-[#6;!R]-[#7+H;!$([#7+](=[#8+0])-[#8-])](-[#6;!R]-[#6;!R]-[#6;!R])(-[#6;!R]-[#6;!R]-[#6;!R])/-212.97//
posaniline/[#7+H3;!R;!$([#7+](=[#8+0])-[#8-])]-[#6]1:[#6]:[#6]:[#6]:[#6]:[#6]:1/-302.92//
pos2methylaniline/[#7+H3;!R;!$([#7+](=[#8+0])-[#8-])]-[#6]1:[#6](-[#6;!R]):[#6]:[#6]:[#6]:[#6]:1/-294.14//
pos3methylaniline/[#7+H3;!R;!$([#7+](=[#8+0])-[#8-])]-[#6]1:[#6]:[#6](-[#6;!R]):[#6]:[#6]:[#6]:1/-291.21//
pos4methylaniline/[#7+H3;!R;!$([#7+](=[#8+0])-[#8-])]-[#6]1:[#6]:[#6]:[#6](-[#6;!R]):[#6]:[#6]:1/-292.04//
pos3aminoaniline/[#7+H3;!R;!$([#7+](=[#8+0])-[#8-])]-[#6]1:[#6]:[#6](-[#7H2;!R]):[#6]:[#6]:[#6]:1/-275.31//
posnmethylaniline/[#6;!R]-[#7+H2;!R;!$([#7+](=[#8+0])-[#8-])]-[#6]1:[#6]:[#6]:[#6]:[#6]:[#6]:1/-261.92//
posnethylaniline/[#6;!R]-[#6;!R]-[#7+H2;!R;!$([#7+](=[#8+0])-[#8-])]-[#6]1:[#6]:[#6]:[#6]:[#6]:[#6]:1/-260.24//
posnndimethylaniline/[#6;!R]-[#7+H;!R;!$([#7+](=[#8+0])-[#8-])](-[#6;!R])-[#6]1:[#6]:[#6]:[#6]:[#6]:[#6]:1/-239.32//
pos4methylnndimethylaniline/[#6;!R]-[#7+H;!R;!$([#7+](=[#8+0])-[#8-])](-[#6;!R])-[#6]1:[#6]:[#6]:[#6](-[#6;!R]):[#6]:[#6]:1/-233.89//
posnndiethylaniline/[#6;!R]-[#6;!R]-[#7+H;!R;!$([#7+](=[#8+0])-[#8-])](-[#6;!R]-[#6;!R])-[#6]1:[#6]:[#6]:[#6]:[#6]:[#6]:1/-225.94//
pos1aminonaphthalene/[#6]12:[#6](:[#6]:[#6]:[#6]:[#6]:1):[#6]:[#6](-[#7+H3;!$([#7+](=[#8+0])-[#8-])]):[#6]:[#6]:2/-282.00//
posaziridine/[#6]1-[#6]-[#7+;!$([#7+](=[#8+0])-[#8-])]-1/-296.65//
posazetidine/[#6]1-[#6]-[#6]-[#7+;!$([#7+](=[#8+0])-[#8-])]-1/-283.26//
pospyrrolidine/[#6]1-[#6]-[#6]-[#6]-[#7+;!$([#7+](=[#8+0])-[#8-])]-1/-276.14//
pospiperidine/[#6]1-[#6]-[#6]-[#6]-[#6]-[#7+;!$([#7+](=[#8+0])-[#8-])]-1/-268.61//
posazacycloheptane/[#6]1-[#6]-[#6]-[#6]-[#6]-[#6]-[#7+;!$([#7+](=[#8+0])-[#8-])]-1/-264.85//
pospyrrole/[#6]1=[#6]-[#6]=[#6]-[#7+]-1/-256.90//
pospyridine/[#6]1:[#6]:[#6]:[#6]:[#6]:[#7+;!$([#7+](=[#8+0])-[#8-])]:1/-255.64//
posquinoline/[#6]12:[#6](:[#6]:[#6]:[#6]:[#6]:1):[#7+;!$([#7+](=[#8+0])-[#8-])]:[#6]:[#6]:[#6]:2/-234.30//
pospiperazine/[#6]1-[#6]-[#7]-[#6]-[#6]-[#7+;!$([#7+](=[#8+0])-[#8-])]-1/-276.14//
posacetonitrile/[#7+;!R;!$([#7+](=[#8+0])-[#8-])]#[#6;!R]-[#6;!R]/-315.06//
poshydrazine/[#7]-[#7+;!$([#7+](=[#8+0])-[#8-])]/-353.97//
pos4methoxyaniline/[#7+H3;!R;!$([#7+](=[#8+0])-[#8-])]-[#6]1:[#6]:[#6]:[#6](-[#8]-[#6;!R]):[#6]:[#6]:1/-297.90//
pos4nitroaniline/[#7+H3;!R;!$([#7+](=[#8+0])-[#8-])]-[#6]1:[#6]:[#6]:[#6](-[#7+](=[#8])-[#8-]):[#6]:[#6]:1/-317.57//
posmorpholine/[#6]1-[#6]-[#8]-[#6]-[#6]-[#7+;!$([#7+](=[#8+0])-[#8-])]-1/-291.21//
posacetamide/[#6;!R]-[#6;!R](-[#7+;!$([#7+](=[#8+0])-[#8-])])=[#8;!R]/-309.20//
posbenzamide/[#6]1:[#6]:[#6]:[#6]:[#6]:[#6]:1-[#6;!R](=[#8])-[#7+;!$([#7+](=[#8+0])-[#8-])]/-281.16//
pos3chloroaniline/[#7+H3;!R;!$([#7+](=[#8+0])-[#8-])]-[#6]1:[#6]:[#6](-[#17]):[#6]:[#6]:[#6]:1/-312.54//
pos4chloroaniline/[#7+H3;!R;!$([#7+](=[#8+0])-[#8-])]-[#6]1:[#6]:[#6]:[#6](-[#17]):[#6]:[#6]:1/-310.03//
oxybismethane/[#8+0;!R](-[#6;!R])-[#6;!R]/-7.93//
fluoromethane/[#9]-[#6;!R]/-0.92//
chloromethane/[#17]-[#6;!R]/-2.33//
bromomethane/[#35]-[#6;!R]/-3.43//
iodomethane/[#53]-[#6;!R]/-3.71//
methanethiol/[#16H;!R]-[#6;!R]/-5.19//
thiobismethane/[#6;!a]-[#16]-[#6;!a]/-6.45//
dimethoxymethane/[#6;!R]-[#8+0;!R]-[#6;!R]-[#8+0;!R]-[#6;!R]/-12.27//
trimethoxymethane/[#6;!R]-[#8+0;!R]-[#6;!R](-[#8+0;!R]-[#6;!R])-[#8+0;!R]-[#6;!R]/-18.49/FreeSolv/
dichloromethane/[#17]-[#6;!R]-[#17]/-3.88//
dibromomethane/[#35]-[#6;!R]-[#35]/-8.82//
trifluoromethane/[#9]-[#6;!R](-[#9])-[#9]/3.37//
trichloromethane/[#6;!R](-[#17])(-[#17])-[#17]/-4.46//
chlorofluoromethane/[#17]-[#6;!R]-[#9]/-3.24//
tribromomethane/[#35]-[#6;!R](-[#35])-[#35]/-8.9//
chlorodifluoromethane/[#9]-[#6;!R](-[#9])-[#17]/-2.08//
tetrafluoromethane/[#9]-[#6;!R](-[#9])(-[#9])-[#9]/13.03//
tetrachloromethane/[#17]-[#6;!R](-[#17])(-[#17])-[#17]/0.4//
chlorotrifluoromethane/[#17]-[#6;!R](-[#9])(-[#9])-[#9]/10.56//
dichlorodifluoromethane/[#17]-[#6](-[#17])(-[#9])-[#9]/7.08//
bromotrifluoromethane/[#9]-[#6](-[#9])(-[#9])-[#35]/7.48//
methylmethanesulfonate/[#6;!R]-[#8+0]-[#16](=[#8+0])(=[#8+0])-[#6;!R]/-20.38/FreeSolv/
methylsulfinylmethane/[#6;!R]-[#16](=[#8+0])-[#6;!R]/-38.83/FreeSolv/
methyldisulfanylmethane/[#6;!R]-[#16;!R]-[#16;!R]-[#6;!R]/-7.66/FreeSolv/
diiodomethane/I-[#6;!R]-I/-10.42/FreeSolv/
methanesulfonylchloride/[#6;!R]-[#16](=[#8+0])(=[#8+0])-[#17]/-20.38/FreeSolv/
methylsulfonylmethane/[#6;!R]-[#16](=[#8+0])(=[#8+0])-[#6;!R]/-42.17/FreeSolv/
nitromethane/[#6;!R]-[#7+;!R](=[#8+0])-[#8-]/-16.82/FreeSolv/
ethane/[#6;!R]-[#6;!R]/7.66//
iodoethane/[#6;!R]-[#6;!R]-[#53]/-3.03//
ethanethiol/[#16H;!R]-[#6;!R]-[#6;!R]/-5.42//
1,1'-thiobisethane/[#6;!a]-[#6;!a]-[#16;!a]-[#6;!a]-[#6;!a]/-5.99//
1,2-dichloroethane/[#6;!R](-[#6;!R]-[#17])-[#17]/-7.25//
1,2-dibromoethane/[#35]-[#6;!R]-[#6;!R]-[#35]/-8.79//
1-bromo-2-chloroethane/[#17]-[#6;!R]-[#6;!R]-[#35]/-8.16//
1,1-difluoroethane/[#9]-[#6;!R](-[#9])-[#6;!R]/-0.46//
bromoethane/[#6;!R]-[#6;!R]-[#35]/-2.91//
1,1-dichloroethane/[#17]-[#6;!R](-[#17])-[#6;!R]/-3.54//
chloroethane/[#17]-[#6;!R]-[#6;!R]/-2.83//
1,1'-oxybisethane/[#8+0;!R](-[#6;!R]-[#6;!R])-[#6;!R]-[#6;!R]/-6.84//
nitroethane/[#6;!R]-[#6;!R]-[#7+;!R](=[#8+0])-[#8-]/-15.52//
1,2-ethanediol/[#6;!R](-[#6;!R]-[#8+0H;!R])-[#8+0H;!R]/-32.03//
1,2-dimethoxyethane/[#6;!R]-[#8+0;!R]-[#6;!R]-[#6;!R]-[#8+0;!R]-[#6;!R]/-20.23//
1,1-diethoxyethane/[#6;!R]-[#6;!R]-[#8+0;!R]-[#6;!R](-[#6;!R])-[#8+0;!R]-[#6;!R]-[#6;!R]/-13.7//
1,2-diethoxyethane/[#6;!R]-[#6;!R]-[#8+0;!R]-[#6;!R]-[#6;!R]-[#8+0;!R]-[#6;!R]-[#6;!R]/-14.78//
1,1,1-trichloroethane/[#6;!R]-[#6;!R](-[#17])(-[#17])-[#17]/-1.03//
1,1,2-trichloroethane/[#17]-[#6;!R]-[#6;!R](-[#17])-[#17]/-8.16//
1,1,2,2-tetrachloroethane/[#17]-[#6;!R](-[#17])-[#6;!R](-[#17])-[#17]/-9.87//
1,1,1,2-tetrachloroethane/[#17]-[#6;!R](-[#17])(-[#17])-[#6;!R]-[#17]/-5.98/FreeSolv/
2-chloro-1,1,1-trifluoroethane/[#17]-[#6;!R]-[#6;!R](-[#9])(-[#9])-[#9]/0.23//
pentachloroethane/[#17]-[#6;!R](-[#17])-[#6;!R](-[#17])(-[#17])-[#17]/-5.71//
hexachloroethane/[#17]-[#6;!R](-[#17])(-[#17])-[#6;!R](-[#17])(-[#17])-[#17]/-5.88//
1,1,2,2-tetrachloro-1,2-difluoroethane/[#17]-[#6;!R](-[#17])(-[#9])-[#6;!R](-[#17])(-[#17])-[#9]/3.42//
1,1,2-trichloro-1,2,2-trifluoroethane/[#17]-[#6;!R](-[#17])(-[#9])-[#6;!R](-[#17])(-[#9])-[#9]/7.42//
1,1-dichlorotetrafluoroethane/[#17]-[#6;!R](-[#17])(-[#9])-[#6;!R](-[#9])(-[#9])-[#9]/10.5//
1,2-dichloro-1,1,2,2-tetrafluoroethane/[#6](-[#6](-[#9])(-[#9])-[#17])(-[#9])(-[#9])-[#17]/9.7//
chloropentafluoroethane/[#17]-[#6](-[#9])(-[#9])-[#6](-[#9])(-[#9])-[#9]/11.99//
1,1'-thiobis(2-chloroethane)/[#16](-[#6;!R]-[#6;!R]-[#17])-[#6;!R]-[#6;!R]-[#17]/-16.4//
hexachloroethane/[#17]-[#6;!R](-[#17])(-[#17])-[#6;!R](-[#17])(-[#17])(-[#17])/-2.68/SAMPL2/
1,1,1-trifluoro-2,2,2-trimethoxyethane/[#6;!R]-[#8+0]-[#6;!R](-[#8+0]-[#6;!R])(-[#8+0]-[#6;!R])(-[#6;!R](-[#9])(-[#9])(-[#9]))/-3.35/FreeSolv/
methoxyethane/[#8+0;!R](-[#6;!R]-[#6;!R])-[#6;!R]/-8.79/FreeSolv/
ethyldisulfanylethane/[#6;!R]-[#6;!R]-[#16;!R]-[#16;!R]-[#6;!R]-[#6;!R]/-6.86/FreeSolv/
1,1,1,2-tetramethoxyethane/[#6;!R]-[#8+0]-[#6;!R]-[#6;!R](-[#8+0;!R]-[#6;!R])(-[#8+0;!R]-[#6;!R])-[#8+0;!R]-[#6;!R]/-23.97/FreeSolv/
1,1,1-trimethoxyethane/[#6;!R]-[#8+0]-[#6;!R](-[#8+0]-[#6;!R])(-[#8+0]-[#6;!R])-[#6;!R]/-18.49/FreeSolv/
2-chloro-1,1,1-trimethoxyethane/[#6;!R]-[#8+0]-[#6;!R](-[#8+0]-[#6;!R])(-[#8+0]-[#6;!R])-[#6;!R]-[#17]/-19.20/FreeSolv/
2,2-dichloro-1,1-difluoro-1-methoxy-ethane/[#17]-[#6;!R](-[#17])-[#6;!R](-[#9])(-[#9])-[#8+0]-[#6;!R]/-4.69/FreeSolv/
1-chloro-2-(2-chloroethoxy)ethane/[#17]-[#6;!R]-[#6;!R]-[#8+0]-[#6;!R]-[#6;!R]-[#17]/-17.70/FreeSolv/
propane/[#6;!R]-[#6;!R]-[#6;!R]/8.18//
2-methylpropane/[#6;!R](-[#6;!R])(-[#6;!R])-[#6;!R]/9.7//
2,2-dimethylpropane/[#6;!R](-[#6;!R])(-[#6;!R])(-[#6;!R])-[#6;!R]/10.46//
1-methoxypropane/[#8+0;!R](-[#6;!R]-[#6;!R]-[#6;!R])-[#6;!R]/-6.96//
2-methoxypropane/[#8+0;!R](-[#6;!R](-[#6;!R])-[#6;!R])-[#6;!R]/-8.39//
2-ethoxypropane/[#8+0;!R](-[#6;!R](-[#6;!R])-[#6;!R])-[#6;!R]-[#6;!R]/-7.59//
2-propan-2-yloxypropane/[#8+0;!R](-[#6;!R](-[#6;!R])-[#6;!R])-[#6;!R](-[#6;!R])-[#6;!R]/-2.22/FreeSolv/
2-methoxy-2-methyl-propane/[#8+0;!R](-[#6;!R](-[#6;!R])(-[#6;!R])-[#6;!R])-[#6;!R]/-9.25//
1,1'-oxybispropane/[#8+0;!R](-[#6;!R]-[#6;!R]-[#6;!R])-[#6;!R]-[#6;!R]-[#6;!R]/-4.83//
2,2'-oxybispropane/[#6;!R]-[#6;!R](-[#6;!R])-[#8+0;!R]-[#6;!R](-[#6;!R])-[#6;!R]/-2.23//
1-chloropropane/[#6;!R]-[#6;!R]-[#6;!R]-[#17]/-1.14//
2-chloropropane/[#6;!R]-[#6;!R](-[#6;!R])-[#17]/-1.03//
1-bromopropane/[#6;!R]-[#6;!R]-[#6;!R]-[#35]/-2.34//
2-bromopropane/[#6;!R]-[#6;!R](-[#6;!R])-[#35]/-2.01//
1-bromo-2-methylpropane/[#6;!R]-[#6;!R](-[#6;!R])-[#6;!R]-[#35]/-0.11//
1-iodopropane/[#6;!R]-[#6;!R]-[#6;!R]-[#53]/-2.45//
2-iodopropane/[#6;!R]-[#6;!R](-[#6;!R])-[#53]/-1.94//
propanenitrile/[#7+0;!R]#[#6;!R]-[#6;!R]-[#6;!R]/-16.09//
propanethiol/[#6;!R]-[#6;!R]-[#6;!R]-[#16H;!R]/-4.60/FreeSolv/
1-nitropropane/[#8-]-[#7+](=[#8+0])-[#6;!R]-[#6;!R]-[#6;!R]/-13.98//
2-nitropropane/[#8-]-[#7+](=[#8+0])-[#6;!R](-[#6;!R])-[#6;!R]/-13.13//
1,2-dinitroxypropane/[#8-]-[#7+](=[#8+0])-[#8+0]-[#6;!R]-[#6;!R](-[#8+0]-[#7+;!R](=[#8+0])-[#8-])-[#6;!R]/-20.71/FreeSolv/
1,2,3-propanetriol/[#8+0H;!R]-[#6;!R]-[#6;!R](-[#8+0H;!R])-[#6;!R]-[#8+0H;!R]/-38.56//
1,2-dichloropropane/[#6;!R]-[#6;!R](-[#17])-[#6;!R]-[#17]/-5.25//
1,2-dibromopropane/[#35]-[#6;!R](-[#6;!R]-[#35])-[#6;!R]/-8.1//
1,3-dichloropropane/[#17]-[#6;!R]-[#6;!R]-[#6;!R]-[#17]/-7.93//
1,3-dibromopropane/[#35]-[#6;!R]-[#6;!R]-[#6;!R]-[#35]/-8.22//
2-isopropylsulfanylpropane/[#6;!R]-[#6;!R](-[#6;!R])-[#16;!R]-[#6;!R](-[#6;!R])-[#6;!R]/-5.06/FreeSolv/
3,3,3-trimethoxypropanenitrile/[#7+0]#[#6]-[#6;!R]-[#6](-[#8+0]-[#6;!R])(-[#8+0]-[#6;!R])(-[#8+0]-[#6;!R])/-26.78/FreeSolv/
2-bromo-2-methyl-propane/[#6;!R]-[#6;!R](-[#6;!R])(-[#35])-[#6;!R]/3.51/FreeSolv/
2-chloro-2-methyl-propane/[#6;!R]-[#6;!R](-[#6;!R])(-[#6;!R])-[#17]/4.56/FreeSolv/
1-propylsulfanylpropane/[#6;!R]-[#6;!R]-[#6;!R]-[#16;!R]-[#6;!R]-[#6;!R]-[#6;!R]/-5.36/FreeSolv/
butane/[#6;!R](-[#6;!R]-[#6;!R])-[#6;!R]/8.7//
butanethiol/[#6;!R]-[#6;!R]-[#6;!R]-[#6;!R]-[#16H;!R]/-4.14/FreeSolv/
2-methylbutane/[#6;!R](-[#6;!R]-[#6;!R])(-[#6;!R])-[#6;!R]/9.97//
1-bromobutane/[#6;!R]-[#6;!R]-[#6;!R]-[#6;!R]-[#35]/-1.71//
1-iodobutane/[#6;!R]-[#6;!R]-[#6;!R]-[#6;!R]-[#53]/-1.08//
1-chlorobutane/[#6;!R]-[#6;!R]-[#6;!R]-[#6;!R]-[#17]/-0.57//
2-chlorobutane/[#6;!R]-[#6;!R](-[#17])-[#6;!R]-[#6;!R]/0.00/FreeSolv/
2,2-dimethylbutane/[#6;!R](-[#6;!R]-[#6;!R])(-[#6;!R])(-[#6;!R])-[#6;!R]/10.85//
2,6-dimethylbutane/[#6;!R](-[#6;!R](-[#6;!R])-[#6;!R])(-[#6;!R])-[#6;!R]/9.79/FreeSolv/
1,1'-oxybisbutane/[#6;!R]-[#6;!R]-[#6;!R]-[#6;!R]-[#8+0;!R]-[#6;!R]-[#6;!R]-[#6;!R]-[#6;!R]/-3.48//
1-bromo-3-methylbutane/[#6;!R]-[#6;!R](-[#6;!R])-[#6;!R]-[#6;!R]-[#35]/0.86//
butanenitrile/[#6;!R]-[#6;!R]-[#6;!R]-[#6;!R]#[#7+0;!R]/-15.25//
1-nitrobutane/[#6;!R]-[#6;!R]-[#6;!R]-[#6;!R]-[#7+;!R](=[#8+0])-[#8-]/-12.93/FreeSolv/
1,1-dichlorobutane/[#6;!R](-[#6;!R](-[#17])-[#17])-[#6;!R]-[#6;!R]/-2.91//
octofluorocyclobutane/[#6;!a]1(-[#9])(-[#9])-[#6;!a](-[#9])(-[#9])-[#6;!a](-[#9])(-[#9])-[#6;!a](-[#9])(-[#9])-1/14.35/SAMPL2/
1,4-dichlorobutane/[#17]-[#6;!R]-[#6;!R]-[#6;!R]-[#6;!R]-[#17]/-9.71/FreeSolv/
butoxybutane/[#6;!R]-[#6;!R]-[#6;!R]-[#6;!R]-[#8+0]-[#6;!R]-[#6;!R]-[#6;!R]-[#6;!R]/-3.47/FreeSolv/
pentane/[#6;!R](-[#6;!R]-[#6;!R]-[#6;!R])-[#6;!R]/9.76//
2-methylpentane/[#6;!R]-[#6;!R]-[#6;!R]-[#6;!R](-[#6;!R])-[#6;!R]/10.56//
3-methylpentane/[#6;!R](-[#6;!R]-[#6;!R])(-[#6;!R]-[#6;!R])-[#6;!R]/10.5//
2,4-dimethylpentane/[#6;!R](-[#6;!R](-[#6;!R])-[#6;!R])-[#6;!R](-[#6;!R])-[#6;!R]/12.04//
2,2,4-trimethylpentane/[#6;!R](-[#6;!R]-[#6;!R](-[#6;!R])-[#6;!R])(-[#6;!R])(-[#6;!R])-[#6;!R]/11.93//
2,3,4-trimethylpentane/[#6;!R]-[#6;!R](-[#6;!R])-[#6;!R](-[#6;!R])-[#6;!R](-[#6;!R])-[#6;!R]/10.71/FreeSolv/
1-chloropentane/[#6;!R]-[#6;!R]-[#6;!R]-[#6;!R]-[#6;!R]-[#17]/-0.29//
2-chloropentane/[#17]-[#6;!R](-[#6;!R]-[#6;!R]-[#6;!R])-[#6;!R]/0.29//
3-chloropentane/[#17]-[#6;!R](-[#6;!R]-[#6;!R])-[#6;!R]-[#6;!R]/0.17//
1-bromopentane/[#6;!R]-[#6;!R]-[#6;!R]-[#6;!R]-[#6;!R]-[#35]/-0.42/FreeSolv/
2,3-dimethylpentane/[#6;!R](-[#6;!R](-[#6;!R])-[#6;!R])(-[#6;!R])-[#6;!R]-[#6]/10.54/FreeSolv/
3,3-dimethylpentane/[#6;!R]-[#6;!R]-[#6;!R](-[#6;!R])(-[#6;!R])-[#6;!R]-[#6;!R]/10.71/FreeSolv/
2,2-dimethylpentane/[#6;!R]-[#6;!R](-[#6;!R])(-[#6;!R])-[#6;!R]-[#6;!R]-[#6;!R]/12.05/FreeSolv/
1-iodopentane/[#6;!R]-[#6;!R]-[#6;!R]-[#6;!R]-[#6;!R]-[#53]/-0.59/FreeSolv/
pentanenitrile/[#6;!R]-[#6;!R]-[#6;!R]-[#6;!R]-[#6;!R]#[#7+0]/-14.73/FreeSolv/
nitropentane/[#6;!R]-[#6;!R]-[#6;!R]-[#6;!R]-[#6;!R]-[#7+;!R](-[#8-])=[#8+0]/-22.93/FreeSolv/
hexane/[#6;!R](-[#6;!R]-[#6;!R]-[#6;!R])-[#6;!R]-[#6;!R]/10.4//
2-methylhexane/[#6;!R]-[#6;!R](-[#6;!R])-[#6;!R]-[#6;!R]-[#6;!R]-[#6;!R]/12.26/FreeSolv/
3-methylhexane/[#6;!R]-[#6;!R]-[#6;!R](-[#6;!R])-[#6;!R]-[#6;!R]-[#6;!R]/11.34/FreeSolv/
1-bromohexane/[#6;!R]-[#6;!R]-[#6;!R]-[#6;!R]-[#6;!R]-[#6;!R]-Br/-12.05/FreeSolv/
1-iodohexane/[#6;!R](-[#6;!R]-[#6;!R]-[#6;!R])-[#6;!R]-[#6;!R]-[#53]/0.33/FreeSolv/
1-chlorohexane/[#6;!R](-[#6;!R]-[#6;!R]-[#6;!R])-[#6;!R]-[#6;!R]-[#17]/0.00/FreeSolv/
2,2,5-trimethylhexane/[#6;!R](-[#6;!R]-[#6;!R]-[#6;!R](-[#6;!R])-[#6;!R])(-[#6;!R])(-[#6;!R])-[#6]/11.39//
heptane/[#6;!R]-[#6;!R]-[#6;!R]-[#6;!R]-[#6;!R]-[#6;!R]-[#6;!R]/10.96//
1-bromoheptane/[#6;!R]-[#6;!R]-[#6;!R]-[#6;!R]-[#6;!R]-[#6;!R]-[#6;!R]-Br/1.42/FreeSolv/
1-chloroheptane/[#6;!R]-[#6;!R]-[#6;!R]-[#6;!R]-[#6;!R]-[#6;!R]-[#6;!R]-[#17]/1.21/FreeSolv/
3-methylheptane/[#6;!R]-[#6;!R]-[#6;!R](-[#6;!R])-[#6;!R]-[#6;!R]-[#6;!R]-[#6;!R]/12.43/FreeSolv/
1-iodoheptane/[#6;!R](-[#6;!R]-[#6;!R]-[#6;!R]-[#6;!R])-[#6;!R]-[#6;!R]-[#53]/1.13/FreeSolv/
octane/[#6;!R](-[#6;!R]-[#6;!R]-[#6;!R]-[#6;!R])-[#6;!R]-[#6;!R]-[#6;!R]/12.1//
bromooctane/[#6;!R](-[#6;!R]-[#6;!R]-[#6;!R]-[#6;!R])-[#6;!R]-[#6;!R]-[#6;!R]-Br/2.18/FreeSolv/
nonane/[#6;!R]-[#6;!R]-[#6;!R]-[#6;!R]-[#6;!R]-[#6;!R]-[#6;!R]-[#6;!R]-[#6;!R]/13.10/FreeSolv/
decane/[#6;!R]-[#6;!R]-[#6;!R]-[#6;!R]-[#6;!R]-[#6;!R]-[#6;!R]-[#6;!R]-[#6;!R]-[#6;!R]/13.22/FreeSolv/
cyclopropane/[#6;!a]1-[#6;!a]-[#6;!a]-1/3.13//
methylcyclopropanecarboxylate/[#6]1-[#6]-[#6]-1-[#6](=[#8+0])-[#8+0]-[#6;!R]/-17.15/FreeSolv/
cyclopentane/[#6;!a]1-[#6;!a]-[#6;!a]-[#6;!a]-[#6;!a]-1/5.02//
methylcyclopentane/[#6;!a]1(-[#6;!a]-[#6;!a]-[#6;!a]-[#6;!a]-1)-[#6;!R]/6.68//
propylcyclopentane/[#6;!a]1(-[#6;!a]-[#6;!a]-[#6;!a]-[#6;!a]-1)-[#6;!R]-[#6;!R]-[#6;!R]/8.91/FreeSolv/
pentylcyclopentane/[#6;!a]1(-[#6;!a]-[#6;!a]-[#6;!a]-[#6;!a]-1)-[#6;!R]-[#6;!R]-[#6;!R]-[#6;!R]-[#6;!R]/10.67/FreeSolv/
cyclopentanone/[#6]1-[#6]-[#6]-[#6]-[#6]-1=[#8+0]/-19.66/FreeSolv/
cyclohexane/[#6;!a]1-[#6;!a]-[#6;!a]-[#6;!a]-[#6;!a]-[#6;!a]-1/5.14//
cyclohexanamine/[#6]1-[#6]-[#6]-[#6]-[#6]-[#6]-1-[#7+0H2]/-19.20/FreeSolv/
methylcyclohexane/[#6;!R]-[#6;!a]1-[#6;!a]-[#6;!a]-[#6;!a]-[#6;!a]-[#6;!a]-1/7.14//
cis-1,2-dimethylcyclohexane/[#6;!a]1(-[#6;!a](-[#6;!a]-[#6;!a]-[#6;!a]-[#6;!a]-1)-[#6;!R])-[#6;!R]/6.62//
1,4-dimethylcyclohexane/[#6;!R]-[#6;!a]1-[#6;!a]-[#6;!a]-[#6;!a](-[#6;!R])-[#6;!a]-[#6;!a]-1/8.83/FreeSolv/
methylcyclohexanecarboxylate/[#6;!R]-[#8+0]-[#6;!R](=[#8+0])-[#6;!a]1-[#6;!a]-[#6;!a]-[#6;!a]-[#6;!a]-[#6;!a]-1/-13.81/FreeSolv/
cyclohexanol/[#8+0H;!R]-[#6]1-[#6]-[#6]-[#6]-[#6]-[#6]-1/-22.91//
cyclohexene/[#6]1-[#6]-[#6]-[#6]=[#6]-[#6]-1/0.59/FreeSolv/
cyclohexanone/[#6]1-[#6]-[#6]-[#6]-[#6]-[#6]-1=[#8+0]/-20.54/FreeSolv/
2-methyl-5-(prop-1-en-2-yl)cyclohexan-1-one/[#6]1-[#6](-[#6;!R](=[#6;!R])-[#6;!R])-[#6]-[#6]-[#6](-[#6;!R])-[#6]-1=[#8+0]/-15.69/FreeSolv/
1-methylcyclohexene/[#6]1-[#6]-[#6]-[#6]=[#6](-[#6]-1)-[#6;!R]/2.8//
6-isopropyl-3-methyl-1-cyclohex-2-enone/[#6]1=[#6](-[#6;!R])-[#6]-[#6]-[#6](-[#6;!R](-[#6;!R])-[#6;!R])-[#6]-1=[#8+0]/-18.87/FreeSolv/
3,5,5-trimethylcyclohexan-2-en-1-one/[#6]1=[#6](-[#6;!R])-[#6]-[#6](-[#6;!R])(-[#6;!R])-[#6]-[#6]-1=[#8+0]/-21.67/FreeSolv/
4-(1-Methylethenyl)-1-cyclohexene-1-carboxaldehyde/[#6]1-[#6](-[#6;!R](-[#6;!R])=[#6;!R])-[#6]-[#6]=[#6](-[#6;!R]=[#8+0])-[#6]-1/-17.11/FreeSolv/
cycloheptane/[#6;!a]1-[#6;!a]-[#6;!a]-[#6;!a]-[#6;!a]-[#6;!a]-[#6;!a]-1/3.33//
cyclooctane/[#6;!a]1-[#6;!a]-[#6;!a]-[#6;!a]-[#6;!a]-[#6;!a]-[#6;!a]-[#6;!a]-1/3.58//
ethene/[#6;!R]=[#6;!R]/5.32//
1-propene/[#6;!R]-[#6;!R]=[#6;!R]/5.31//
2-methyl-1-propene/[#6;!R]-[#6;!R](-[#6;!R])=[#6;!R]/4.87//
3-chloro-1-propene/[#17]-[#6;!R]-[#6;!R]=[#6;!R]/-2.4//
1,1,2,3,3,3-hexafluoro-1-propene/[#9]-[#6](-[#9])(-[#9])-[#6](-[#9])=[#6](-[#9])-[#9]/9.67//
1-butene/[#6;!R](-[#6;!R])-[#6;!R]=[#6;!R]/5.77//
1-pentene/[#6;!R](-[#6;!R]-[#6;!R]=[#6;!R])-[#6;!R]/6.96//
trans-2-pentene/[#6;!R]-[#6;!R]-[#6;!R]=[#6;!R]-[#6;!R]/5.59//
2-methyl-2-butene/[#6;!R](=[#6;!R]-[#6;!R])(-[#6;!R])-[#6;!R]/5.48//
3-methyl-1-butene/[#6;!R](-[#6;!R])(-[#6;!R])-[#6;!R]=[#6;!R]/7.65//
1-hexene/[#6]-[#6]-[#6;!R]-[#6;!R]-[#6;!R]=[#6;!R]/7.02//
2-methyl-1-pentene/[#6;!R](-[#6;!R]-[#6;!R])-[#6;!R](-[#6;!R])=[#6;!R]/6.15//
4-methyl-1-pentene/[#6](-[#6]-[#6]=[#6])(-[#6])-[#6]/7.88//
trans-2-heptene/[#6;!R](-[#6;!R]-[#6;!R])-[#6;!R]-[#6;!R]=[#6;!R]-[#6;!R]/6.96//
1-octene/[#6;!R](-[#6;!R]-[#6;!R]-[#6;!R])-[#6;!R]-[#6;!R]-[#6;!R]=[#6;!R]/9.08//
1-nonene/[#6;!R](-[#6;!R]-[#6;!R]-[#6;!R]-[#6;!R])-[#6;!R]-[#6;!R]-[#6;!R]=[#6;!R]/8.62/FreeSolv/
cyclopentene/[#6]1-[#6]-[#6]=[#6]-[#6]-1/2.34//
1,3-butadiene/[#6;!R](-[#6;!R]=[#6;!R])=[#6]/2.57//
1,4-pentadiene/[#6;!R]=[#6;!R]-[#6;!R]-[#6;!R]=[#6;!R]/3.94//
2-methyl-1,3-butadiene/[#6;!R](-[#6;!R])(-[#6;!R]=[#6;!R])=[#6;!R]/2.85//
1,5-hexadiene/[#6;!R]=[#6;!R]-[#6;!R]-[#6;!R]-[#6;!R]=[#6;!R]/4.22//
2,3-dimethyl-1,3-butadiene/[#6;!R]-[#6;!R](=[#6;!R])-[#6;!R](-[#6;!R])=[#6;!R]/1.66//
1,3,5-cycloheptatriene/[#6]1-[#6]=[#6]-[#6]=[#6]-[#6]=[#6]-1/-4.14//
ethyne/[#6;!R]#[#6;!R]/-0.05//
1-propyne/[#6;!R]-[#6;!R]#[#6;!R]/-1.28//
1-butyne/[#6;!R](-[#6;!R])-[#6;!R]#[#6;!R]/-0.68//
1-pentyne/[#6;!R](-[#6;!R]-[#6]#[#6])-[#6;!R]/0.06//
1-hexyne/[#6;!R]-[#6;!R]-[#6;!R]-[#6;!R]-[#6;!R]#[#6;!R]/1.2//
1-heptyne/[#6;!R]-[#6;!R]-[#6;!R]-[#6;!R]-[#6;!R]-[#6;!R]#[#6;!R]/2.51//
1-octyne/[#6;!R]-[#6;!R]-[#6;!R]-[#6;!R]-[#6;!R]-[#6;!R]-[#6;!R]#[#6;!R]/2.97//
1-nonyne/[#6;!R](-[#6;!R]-[#6;!R]-[#6;!R]-[#6;!R]#[#6;!R])-[#6;!R]-[#6;!R]-[#6;!R]/4.4//
1-buten-3-yne/[#6;!R]=[#6;!R]-[#6;!R]#[#6;!R]/0.17//
9h-fluorene/[#6]2-[#6]1:[#6]:[#6]:[#6]:[#6]:[#6]:1-[#6]3:[#6]-2:[#6]:[#6]:[#6]:[#6]:3/-14.41//
naphthalene/[#6]12:[#6](:[#6]:[#6]:[#6]:[#6]:1):[#6]:[#6]:[#6]:[#6]:2/-10.01//
1-methylnaphthalene/[#6]12:[#6](:[#6]:[#6]:[#6]:[#6]:1-[#6;!R]):[#6]:[#6]:[#6]:[#6]:2/-9.91//
1-ethylnaphthalene/[#6]1(:[#6]2:[#6](:[#6]:[#6]:[#6]:1):[#6]:[#6]:[#6]:[#6]:2)-[#6;!R]-[#6;!R]/-10.02//
1,3-dimethylnaphthalene/[#6]12:[#6](:[#6]:[#6](:[#6]:[#6]:1-[#6;!R])-[#6;!R]):[#6]:[#6]:[#6]:[#6]:2/-10.35//
1,4-dimethylnaphthalene/[#6]12:[#6](:[#6](:[#6]:[#6]:[#6]:1-[#6;!R])-[#6;!R]):[#6]:[#6]:[#6]:[#6]:2/-11.79//
2,3-dimethylnaphthalene/[#6]12:[#6](:[#6]:[#6](:[#6](:[#6]:1)-[#6;!R])-[#6;!R]):[#6]:[#6]:[#6]:[#6]:2/-11.64//
2,6-dimethylnaphthalene/[#6]12:[#6](:[#6]:[#6](:[#6]:[#6]:1)-[#6;!R]):[#6]:[#6]:[#6](:[#6]:2)-[#6;!R]/-10.00//
naphthalen-1-ylN-methylcarbamate/[#6]12:[#6](:[#6]:[#6]:[#6]:[#6]:1-[#8+0;!R]-[#6](=[#8+0])-[#7+0H]-[#6;!R]):[#6]:[#6]:[#6]:[#6]:2/-39.54/FreeSolv/
naphthalen-1-ol/[#6]12:[#6](:[#6]:[#6]:[#6]:[#6]:1):[#6]:[#6]:[#6]:[#6]:2-[#8+0H;!R]/-32.09/FreeSolv/
naphthalen-2-ol/[#6]12:[#6](:[#6]:[#6]:[#6]:[#6]:1):[#6]:[#6]:[#6](-[#8+0H;!R]):[#6]:2/-33.93/FreeSolv/
naphthalen-1-amine/[#6]12:[#6](:[#6]:[#6]:[#6]:[#6]:1):[#6]:[#6]:[#6]:[#6]:2-[#7+0H2;!R]/-30.46/FreeSolv/
naphthalen-2-amine/[#6]12:[#6](:[#6]:[#6]:[#6]:[#6]:1):[#6]:[#6](-[#7+0H2;!R]):[#6]:[#6]:2/-31.25/FreeSolv/
acenaphthene/[#6]2-[#6]-[#6]1:[#6]:[#6]:[#6]:[#6]3:[#6]:1:[#6]-2:[#6]:[#6]:[#6]:3/-13.17//
anthracene/[#6]3:[#6]:[#6]2:[#6]:[#6]1:[#6]:[#6]:[#6]:[#6]:[#6]:1:[#6]:[#6]:2:[#6]:[#6]:3/-17.7//
1-amino-4-hydroxy-9,10-anthracenedione/[#6]3:[#6](-[#7+0H2]):[#6]2-[#6](=[#8+0])-[#6]1:[#6]:[#6]:[#6]:[#6]:[#6]:1-[#6](=[#8+0])-[#6]:2:[#6](-[#8+0H]):[#6]:3/-39.87/FreeSolv/
1,4-diamino-9,10-anthracenedione/[#6]3:[#6](-[#7+0H2]):[#6]2-[#6](=[#8+0])-[#6]1:[#6]:[#6]:[#6]:[#6]:[#6]:1-[#6](=[#8+0])-[#6]:2:[#6](-[#7+0H2]):[#6]:3/-49.58/FreeSolv/
9,10-dihydroanthracene/[#6]3:[#6]:[#6]2-[#6]-[#6]1:[#6]:[#6]:[#6]:[#6]:[#6]:1-[#6]-[#6]:2:[#6]:[#6]:3/-15.82/FreeSolv/
phenanthrene/[#6]3:[#6]:[#6]:[#6]1:[#6](:[#6]:[#6]:[#6]2:[#6]:[#6]:[#6]:[#6]:[#6]:1:2):[#6]:3/-16.53//
pyrene/[#6]12:[#6]3:[#6]4:[#6]:[#6]:[#6]:1:[#6]:[#6]:[#6]:[#6]:2:[#6]:[#6]:[#6]:3:[#6]:[#6]:[#6]:4/-18.68//
methanol/[#8+0H;!R]-[#6;!R]/-21.4//
phenylmethanol/[#8+0H;!R]-[#6;!R]-[#6]1:[#6]:[#6]:[#6]:[#6]:[#6]:1/-27.70/FreeSolv/
ethanol/[#8+0H;!R]-[#6;!R]-[#6;!R]/-20.98//
2-methoxyethanol/[#8+0;!R](-[#6;!R]-[#6;!R]-[#8+0H;!R])-[#6;!R]/-28.31//
2-ethoxyethanol/[#6;!R]-[#6;!R]-[#8+0;!R]-[#6;!R]-[#6;!R]-[#8+0H;!R]/-27.64//
2-propoxyethanol/[#8+0;!R](-[#6;!R]-[#6;!R]-[#6;!R])-[#6;!R]-[#6;!R]-[#8+0H;!R]/-26.84//
2-butoxyethanol/[#6;!R]-[#6;!R]-[#6;!R]-[#6;!R]-[#8+0;!R]-[#6;!R]-[#6;!R]-[#8+0H;!R]/-26.22//
2-phenylethanol/[#8+0H;!R]-[#6;!R]-[#6;!R]-[#6]1:[#6]:[#6]:[#6]:[#6]:[#6]:1/-28.41/FreeSolv/
2,2,2-trifluoroethanol/[#8+0H;!R]-[#6;!R]-[#6;!R](-[#9])(-[#9])-[#9]/-18.02//
1-propanol/[#6;!R]-[#6;!R]-[#6;!R]-[#8+0H;!R]/-20.19//
2-propanol/[#8+0H;!R]-[#6;!R](-[#6;!R])-[#6;!R]/-19.9//
2-methyl-1-propanol/[#8+0H;!R]-[#6;!R]-[#6;!R](-[#6;!R])-[#6;!R]/-18.93//
2-methyl-2-propanol/[#8+0H;!R]-[#6;!R](-[#6;!R])(-[#6;!R])-[#6;!R]/-18.89//
1-butanol/[#6;!R]-[#6;!R]-[#6;!R]-[#6;!R]-[#8+0H;!R]/-19.73//
2-butanol/[#6;!R]-[#6;!R]-[#6;!R](-[#6;!R])-[#8+0H;!R]/-19.15//
1-pentanol/[#8+0H;!R]-[#6;!R]-[#6;!R]-[#6;!R]-[#6;!R]-[#6;!R]/-18.72//
2-pentanol/[#6;!R]-[#6;!R]-[#6;!R]-[#6;!R](-[#6;!R])-[#8+0H;!R]/-18.38//
3-pentanol/[#8+0H;!R]-[#6;!R](-[#6;!R]-[#6;!R])-[#6;!R]-[#6;!R]/-18.22//
4-methyl-2-pentanol/[#8+0H;!R]-[#6;!R](-[#6;!R]-[#6](-[#6;!R])-[#6;!R])-[#6;!R]/-15.64//
2-methyl-3-pentanol/[#8+0H;!R]-[#6;!R](-[#6;!R](-[#6;!R])-[#6;!R])-[#6;!R]-[#6;!R]/-16.26//
2-methyl-2-pentanol/[#8+0H;!R]-[#6;!R](-[#6;!R]-[#6;!R]-[#6;!R])(-[#6;!R])-[#6;!R]/-16.44//
2-methyl-3-pentanol/[#6;!R]-[#6;!R]-[#6;!R](-[#8+0H])-[#6;!R](-[#6;!R])-[#6;!R]/-16.23/FreeSolv/
3-methyl-1-butanol/[#8+0H;!R]-[#6;!R]-[#6;!R]-[#6;!R](-[#6;!R])-[#6;!R]/-18.5//
2-methyl-2-butanol/[#8+0H;!R]-[#6;!R](-[#6;!R]-[#6;!R])(-[#6;!R])-[#6;!R]/-18.54//
1-hexanol/[#6;!R]-[#6;!R]-[#6;!R]-[#6;!R]-[#6;!R]-[#6;!R]-[#8+0H;!R]/-18.26//
2,3-dimethyl-2-butanol/[#8+0H;!R]-[#6;!R](-[#6;!R](-[#6;!R])-[#6;!R])(-[#6;!R])-[#6;!R]/-16.38//
3-hexanol/[#8+0H;!R]-[#6;!R](-[#6;!R]-[#6;!R]-[#6;!R])-[#6;!R]-[#6;!R]/-17.05//
1-heptanol/[#6;!R]-[#6;!R]-[#6;!R]-[#6;!R]-[#6;!R]-[#6;!R]-[#6;!R]-[#8+0H;!R]/-17.76//
4-heptanol/[#8+0H;!R]-[#6;!R](-[#6;!R]-[#6;!R]-[#6;!R])-[#6;!R]-[#6;!R]-[#6;!R]/-16.76//
1-octanol/[#8+0H;!R]-[#6;!R]-[#6;!R]-[#6;!R]-[#6;!R]-[#6;!R]-[#6;!R]-[#6;!R]-[#6;!R]/-17.11//
1-nonanol/[#8+0H;!R]-[#6;!R]-[#6;!R]-[#6;!R]-[#6;!R]-[#6;!R]-[#6;!R]-[#6;!R]-[#6;!R]-[#6;!R]/-16.23/FreeSolv/
1-decanol/[#8+0H;!R]-[#6;!R]-[#6;!R]-[#6;!R]-[#6;!R]-[#6;!R]-[#6;!R]-[#6;!R]-[#6;!R]-[#6;!R]-[#6;!R]/-15.23/FreeSolv/
2-propen-1-ol/[#8+0H;!R]-[#6;!R]-[#6;!R]=[#6;!R]/-21.06//
cyclopentanol/[#8+0H;!R]-[#6]1-[#6]-[#6]-[#6]-[#6]-1/-22.99//
cycloheptanol/[#8+0H;!R]-[#6]1-[#6]-[#6]-[#6]-[#6]-[#6]-[#6]-1/-22.95//
phenol/[#8+0H;!R]-[#6]1:[#6]:[#6]:[#6]:[#6]:[#6]:1/-27.68//
2-methylphenol/[#6;!R]-[#6]1:[#6]:[#6]:[#6]:[#6]:[#6]:1-[#8+0H;!R]/-24.58//
3-methylphenol/[#6]1:[#6](-[#6;!R]):[#6]:[#6]:[#6]:[#6]:1-[#8+0H;!R]/-22.97/FreeSolv/
4-methylphenol/[#6;!R]-[#6]1:[#6]:[#6]:[#6](:[#6]:[#6]:1)-[#8+0H;!R]/-25.67//
4-ethylphenol/[#6]1:[#6]:[#6](-[#6;!R]-[#6;!R]):[#6]:[#6]:[#6]:1-[#8+0H;!R]/-25.65/FreeSolv/
3-ethylphenol/[#6]1:[#6](-[#6;!R]-[#6;!R]):[#6]:[#6]:[#6]:[#6]:1-[#8+0H;!R]/-26.15/FreeSolv/
2-ethylphenol/[#6]1:[#6]:[#6]:[#6]:[#6](-[#6;!R]-[#6;!R]):[#6]:1-[#8+0H;!R]/-23.68/FreeSolv/
4-propylphenol/[#6;!R]-[#6;!R]-[#6;!R]-[#6]1:[#6]:[#6]:[#6](:[#6]:[#6]:1)-[#8+0H;!R]/-21.80/FreeSolv/
4-(1,1-dimethylethyl)phenol/[#6;!R]-[#6;!R](-[#6;!R])(-[#6;!R])-[#6]1:[#6]:[#6]:[#6](:[#6]:[#6]:1)-[#8+0H;!R]/-24.79//
4-bromophenol/[#8+0H;!R]-[#6]1:[#6]:[#6]:[#6](-[#35]):[#6]:[#6]:1/-29.85//
2-iodophenol/[#8+0H;!R]-[#6]1:[#6](-I):[#6]:[#6]:[#6]:[#6]:1/-25.94/FreeSolv/
2-chlorophenol/[#8+0H;!R]-[#6]1:[#6](-[#17]):[#6]:[#6]:[#6]:[#6]:1/-19.04/FreeSolv/
3-chlorophenol/[#8+0H;!R]-[#6]1:[#6]:[#6](-[#17]):[#6]:[#6]:[#6]:1/-27.70/FreeSolv/
2-fluorophenol/[#8+0H;!R]-[#6]1:[#6](-[#9]):[#6]:[#6]:[#6]:[#6]:1/-22.13/FreeSolv/
4-fluorophenol/[#8+0H;!R]-[#6]1:[#6]:[#6]:[#6](-F):[#6]:[#6]:1/-25.90/FreeSolv/
2-nitrophenol/[#8+0H;!R]-[#6]1:[#6](-[#7+;!R](=[#8+0])-[#8-]):[#6]:[#6]:[#6]:[#6]:1/-19.16/FreeSolv/
3-nitrophenol/[#8+0H;!R]-[#6]1:[#6]:[#6](-[#7+;!R](=[#8+0])-[#8-]):[#6]:[#6]:[#6]:1/-40.31//
4-nitrophenol/[#8+0H;!R]-[#6]1:[#6]:[#6]:[#6](-[#7+;!R](=[#8+0])-[#8-]):[#6]:[#6]:1/-44.58//
3,4-dichlorophenol/[#8+0H;!R]-[#6]1:[#6]:[#6](-[#17]):[#6](-[#17]):[#6]:[#6]:1/-30.50/FreeSolv/
4-chlorophenol/[#8+0H;!R]-[#6]1:[#6]:[#6]:[#6](-[#17]):[#6]:[#6]:1/-29.41/FreeSolv/
3,5-dimethylphenol/[#6]1:[#6](-[#6;!R]):[#6]:[#6](-[#6;!R]):[#6]:[#6]:1-[#8+0H]/-26.23/FreeSolv/
3,4-dimethylphenol/[#6]1:[#6]:[#6](-[#6;!R]):[#6](-[#6;!R]):[#6]:[#6]:1-[#8+0H]/-27.20/FreeSolv/
2,4-dimethylphenol/[#6]1:[#6](-[#6;!R]):[#6]:[#6](-[#6;!R]):[#6]:[#6]:1-[#8+0H]/-25.15/FreeSolv/
2,3-dimethylphenol/[#6](-[#6;!R])1:[#6](-[#6;!R]):[#6]:[#6]:[#6]:[#6]:1-[#8+0H]/-25.77/FreeSolv/
2,5-dimethylphenol/[#6]1:[#6](-[#6;!R]):[#6]:[#6]:[#6](-[#6;!R]):[#6]:1-[#8+0H]/-24.73/FreeSolv/
2,6-dimethylphenol/[#6](-[#6;!R])1:[#6]:[#6]:[#6]:[#6](-[#6;!R]):[#6]:1-[#8+0H]/-22.01/FreeSolv/
4-chloro-3-methylphenol/[#6]1:[#6]:[#6](-[#17]):[#6](-[#6;!R]):[#6]:[#6]:1-[#8+0H]/-28.41/FreeSolv/
2-methoxyphenol/[#6]1:[#6](-[#8+0]-[#6;!R]):[#6](-[#8+0H;!R]):[#6]:[#6]:[#6]:1/-24.85/FreeSolv/
3-methoxyphenol/[#8+0H;!R]-[#6]1:[#6]:[#6](-[#8+0]-[#6;!R]):[#6]:[#6]:[#6]:1/-32.05/FreeSolv/
2-methoxy-4-propylphenol/[#8+0H;!R]-[#6]1:[#6](-[#8+0]-[#6;!R]):[#6]:[#6](-[#6;!R]-[#6;!R]-[#6;!R]):[#6]:[#6]:1/-22.01/FreeSolv/
3,5-dichloro-2,6-dimethoxyphenol/[#8+0H;!R]-[#6]1:[#6](-[#8+0;!R]-[#6;!R]):[#6](-[#17]):[#6]:[#6](-[#17]):[#6](-[#8+0;!R]-[#6;!R]):1/-26.94/FreeSolv/
2,6-dimethoxyphenol/[#8+0H;!R]-[#6]1:[#6](-[#8+0;!R]-[#6;!R]):[#6]:[#6]:[#6]:[#6](-[#8+0;!R]-[#6;!R]):1/-29.12/FreeSolv/
4-methyl-2-methoxyphenol/[#8+0H;!R]-[#6]1:[#6]:[#6]:[#6](-[#6;!R]):[#6]:[#6](-[#8+0;!R]-[#6;!R]):1/-24.27/FreeSolv/
4tert-butylphenol/[#6]1:[#6]:[#6](-[#6;!R](-[#6;!R])(-[#6;!R])-[#6;!R]):[#6]:[#6]:[#6]:1-[#8+0H;!R]/-24.73/FreeSolv/
tetrahydrofuran/[#8+0]1-[#6]-[#6]-[#6]-[#6]-1/-14.52//
tetrahydro-2h-pyran/[#6]1-[#6]-[#6]-[#8+0]-[#6]-[#6]-1/-13.07//
2-methyltetrahydrofuran/[#6;!R]-[#6]1-[#6]-[#6]-[#6]-[#8+0]-1/-13.82//
2,5-dimethyltetrahydrofuran/[#8+0]1-[#6](-[#6]-[#6]-[#6]-1-[#6;!R])-[#6;!R]/-12.22//
benzene/[#6]1:[#6]:[#6]:[#6]:[#6]:[#6]:1/-3.62//
phenylformate/[#6]1:[#6]:[#6]:[#6]:[#6]:[#6]:1-[#8+0]-[#6;!R]=[#8+0]/-15.98/FreeSolv/
methylbenzene/[#6]1(:[#6]:[#6]:[#6]:[#6]:[#6]:1)-[#6;!R]/-3.71//
ethylbenzene/[#6;!R]-[#6;!R]-[#6]1:[#6]:[#6]:[#6]:[#6]:[#6]:1/-3.33//
methylsulfanylbenzene/[#6;!R]-[#16;!R]-[#6]1:[#6]:[#6]:[#6]:[#6]:[#6]:1/-11.42/FreeSolv/
1,2-dimethylbenzene/[#6]1(:[#6](:[#6]:[#6]:[#6]:[#6]:1)-[#6;!R])-[#6;!R]/-3.77//
1,3-dimethylbenzene/[#6]1(:[#6]:[#6](:[#6]:[#6]:[#6]:1)-[#6;!R])-[#6;!R]/-3.5//
1,4-dimethylbenzene/[#6]1(:[#6]:[#6]:[#6](:[#6]:[#6]:1)-[#6;!R])-[#6;!R]/-3.37//
propylbenzene/[#6;!R]-[#6;!R]-[#6;!R]-[#6]1:[#6]:[#6]:[#6]:[#6]:[#6]:1/-2.23//
(1-methylethyl)benzene/[#6;!R](-[#6]1:[#6]:[#6]:[#6]:[#6]:[#6]:1)(-[#6;!R])-[#6;!R]/-1.26//
1,2,4-trimethylbenzene/[#6]1(:[#6](:[#6]:[#6]:[#6](:[#6]:1)-[#6;!R])-[#6;!R])-[#6;!R]/-3.6//
1,2,3-trimethylbenzene/[#6]1:[#6](-[#6;!R]):[#6](-[#6;!R]):[#6](-[#6;!R]):[#6]:[#6]:1/-5.06/FreeSolv/
1,3,5-trimethylbenzene/[#6](-[#6;!R])1:[#6]:[#6](-[#6;!R]):[#6]:[#6](-[#6;!R]):[#6]:1/-3.77/FreeSolv/
butylbenzene/[#6;!R]-[#6;!R]-[#6;!R]-[#6;!R]-[#6]1:[#6]:[#6]:[#6]:[#6]:[#6]:1/-1.66//
(1-methylpropyl)benzene/[#6;!R]-[#6;!R]-[#6;!R](-[#6;!R])-[#6]1:[#6]:[#6]:[#6]:[#6]:[#6]:1/-1.88//
(3-methylpropyl)benzene/[#6;!R]-[#6;!R](-[#6;!R])-[#6;!R]-[#6]1:[#6]:[#6]:[#6]:[#6]:[#6]:1/0.67/FreeSolv/
(1,1-dimethylethyl)benzene/[#6]1(:[#6]:[#6]:[#6]:[#6]:[#6]:1)-[#6;!R](-[#6;!R])(-[#6;!R])-[#6;!R]/-1.83//
(1,1-dimethylpropyl)benzene/[#6;!R](-[#6;!R]-[#6;!R])(-[#6]1:[#6]:[#6]:[#6]:[#6]:[#6]:1)(-[#6;!R])-[#6;!R]/-0.74//
isopropenylbenzene/[#6;!R]-[#6;!R](=[#6;!R])-[#6]1:[#6]:[#6]:[#6]:[#6]:[#6]:1/-5.19/FreeSolv/
ethenylbenzene/[#6;!R](=[#6;!R])-[#6]1:[#6]:[#6]:[#6]:[#6]:[#6]:1/-5.19/FreeSolv/
pentylbenzene/[#6;!R]-[#6;!R]-[#6;!R]-[#6;!R]-[#6;!R]-[#6]1:[#6]:[#6]:[#6]:[#6]:[#6]:1/-0.96/FreeSolv/
1,1'-biphenyl/[#6]2(-[#6]1:[#6]:[#6]:[#6]:[#6]:[#6]:1):[#6]:[#6]:[#6]:[#6]:[#6]:2/-11.06//
1,1'-methylenebisbenzene/[#6;!R](-[#6]1:[#6]:[#6]:[#6]:[#6]:[#6]:1)-[#6]2:[#6]:[#6]:[#6]:[#6]:[#6]:2/-11.78//
hexylbenzene/[#6]1:[#6]:[#6]:[#6]:[#6]:[#6]:1-[#6;!R]-[#6;!R]-[#6;!R]-[#6;!R]-[#6;!R]-[#6;!R]/-0.17/FreeSolv/
isopropylbenzene/[#6]1:[#6]:[#6](-[#6;!R](-[#6;!R])-[#6;!R]):[#6]:[#6]:[#6]:1/-1.26/FreeSolv/
1-isopropyl-4-methyl-benzene/[#6]1:[#6]:[#6](-[#6;!R](-[#6;!R])-[#6;!R]):[#6]:[#6]:[#6]:1-[#6;!R]/-2.85/FreeSolv/
methoxybenzene/[#8+0;!R](-[#6]1:[#6]:[#6]:[#6]:[#6]:[#6]:1)-[#6;!R]/-4.34//
ethoxybenzene/[#8+0;!R](-[#6]1:[#6]:[#6]:[#6]:[#6]:[#6]:1)-[#6;!R]-[#6;!R]/-9.29/FreeSolv/
trimethoxymethylbenzene/[#8+0;!R](-[#6;!R](-[#8+0]-[#6;!R])(-[#8+0]-[#6;!R])-[#6]1:[#6]:[#6]:[#6]:[#6]:[#6]:1)-[#6;!R]/-16.90/FreeSolv/
1,2-dimethoxybenzene/[#6;!R]-[#8+0]-[#6]1:[#6](-[#8+0]-[#6;!R]):[#6]:[#6]:[#6]:[#6]:1/-22.30/FreeSolv/
diethoxymethoxybenzene/[#6]1:[#6]:[#6]:[#6]:[#6]:[#6]:1-[#8+0]-[#6;!R](-[#8+0]-[#6;!R]-[#6;!R])-[#8+0]-[#6;!R]-[#6;!R]/-21.88/FreeSolv/
chlorobenzene/[#17]-[#6]1:[#6]:[#6]:[#6]:[#6]:[#6]:1/-4.69//
chloromethylbenzene/[#17]-[#6;!R]-[#6]1:[#6]:[#6]:[#6]:[#6]:[#6]:1/-8.08/FreeSolv/
1-chloro-2-methylbenzene/[#17]-[#6]1:[#6](-[#6;!R]):[#6]:[#6]:[#6]:[#6]:1/-4.77/FreeSolv/
bromomethylbenzene/[#35]-[#6;!R]-[#6]1:[#6]:[#6]:[#6]:[#6]:[#6]:1/-9.96/FreeSolv/
bromobenzene/[#35]-[#6]1:[#6]:[#6]:[#6]:[#6]:[#6]:1/-6.11//
fluorobenzene/[#6]1:[#6]:[#6]:[#6]:[#6]:[#6]:1-[#9]/-3.35/FreeSolv/
iodobenzene/[#6]1:[#6]:[#6]:[#6]:[#6]:[#6]:1-I/-7.28/FreeSolv/
1-bromo-4-methylbenzene/[#6]1(-[#35]):[#6]:[#6]:[#6](:[#6]:[#6]:1)-[#6;!R]/-5.82//
1-bromo-2-ethylbenzene/[#6]1(:[#6](-[#6;!R]-[#6;!R]):[#6]:[#6]:[#6]:[#6]:1)-[#35]/-4.97//
1-bromo-2-(1-methylethyl)benzene/[#35]-[#6]1:[#6](-[#6;!R](-[#6;!R])-[#6;!R]):[#6]:[#6]:[#6]:[#6]:1/-3.54//
benzenethiol/[#16H;!R]-[#6]1:[#6]:[#6]:[#6]:[#6]:[#6]:1/-10.67//
methylthiobenzene/[#6;!a]-[#16;!a]-[#6]1:[#6]:[#6]:[#6]:[#6]:[#6]:1/-11.42//
nitrobenzene/[#8-]-[#7+](=[#8+0])-[#6]1:[#6]:[#6]:[#6]:[#6]:[#6]:1/-17.23//
1-methyl-2-nitrobenzene/[#6]1(-[#7+;!R](=[#8+0])-[#8-]):[#6](:[#6]:[#6]:[#6]:[#6]:1)-[#6;!R]/-15.01//
1-methyl-3-nitrobenzene/[#6]1(:[#6]:[#6](:[#6]:[#6]:[#6]:1)-[#6;!R])-[#7+;!R](=[#8+0])-[#8-]/-14.44//
1,2-dichlorobenzene/[#6]1:[#6]:[#6]:[#6](:[#6](:[#6]:1)-[#17])-[#17]/-5.71//
1,3-dichlorobenzene/[#6]1:[#6]:[#6](:[#6]:[#6](:[#6]:1)-[#17])-[#17]/-4.11//
1,4-dichlorobenzene/[#6]1(-[#17]):[#6]:[#6]:[#6](:[#6]:[#6]:1)-[#17]/-4.22//
1,4-dibromobenzene/[#35]-[#6]1:[#6]:[#6]:[#6](-[#35]):[#6]:[#6]:1/-9.64//
hexachlorobenzene/[#17]-[#6]1:[#6](-[#17]):[#6](-[#17]):[#6](-[#17]):[#6](-[#17]):[#6](-[#17]):1/-9.75/SAMPL2/
pentachloronitrobenzene/[#17]-[#6]1:[#6](-[#17]):[#6](-[#7+](=[#8+0])(-[#8-])):[#6](-[#17]):[#6](-[#17]):[#6](-[#17]):1/-21.84/SAMPL2/
1-ethyl-4-methylbenzene/[#6]1(:[#6]:[#6]:[#6](:[#6]:[#6]:1)-[#6;!R])-[#6;!R]-[#6;!R]/-3.97/FreeSolv/
1-ethyl-2-methylbenzene/[#6]1:[#6]:[#6]:[#6]:[#6](-[#6;!R]):[#6]:1-[#6;!R]-[#6;!R]/-3.56/FreeSolv/
1-chloro-2-phenyl-benzene/[#6]2(-[#6]1:[#6]:[#6]:[#6]:[#6]:[#6]:1):[#6]:[#6]:[#6]:[#6]:[#6](-[#17]):2/-11.25/FreeSolv/
1,2,3,4-tetrachloro-5-phenyl-benzene/[#6]2(-[#6]1:[#6]:[#6]:[#6]:[#6]:[#6]:1):[#6](-[#17]):[#6](-[#17]):[#6](-[#17]):[#6](-[#17]):[#6]:2/-14.56/FreeSolv/
trifluoromethylbenzene/[#6]1:[#6]:[#6]:[#6]:[#6]:[#6]:1-[#6](-[#9])(-[#9])(-[#9])/-1.05/FreeSolv/
1,2,4,5-tetrachloro-3-(3,4-dichlorophenyl)benzene/[#6]2(-[#6]1:[#6]:[#6](-[#17]):[#6](-[#17]):[#6]:[#6]:1):[#6](-[#17]):[#6](-[#17]):[#6]:[#6](-[#17]):[#6]:2(-[#17])/-18.33/FreeSolv/
1,2,3,4-tetrachloro-5-(3,4-dichlorophenyl)benzene/[#6]2(-[#6]1:[#6]:[#6]:[#6](-[#17]):[#6](-[#17]):[#6]:1):[#6](-[#17]):[#6](-[#17]):[#6](-[#17]):[#6](-[#17]):[#6]:2/-12.72/FreeSolv/
1,2,3-trichlorobenzene/[#6]1(-[#17]):[#6](-[#17]):[#6](-[#17]):[#6](:[#6]:[#6]:1)/-5.19/FreeSolv/
1,2,4-trichlorobenzene/[#6]1(-[#17]):[#6](-[#17]):[#6]:[#6](:[#6]:[#6]:1)-[#17]/-4.69/FreeSolv/
1,3,5-trichlorobenzene/[#6]1(-[#17]):[#6]:[#6](-[#17]):[#6](:[#6](-[#17]):[#6]:1)/-3.26/FreeSolv/
1,2,2-trifluoroethoxybenzene/[#8+0;!R](-[#6]1:[#6]:[#6]:[#6]:[#6]:[#6]:1)-[#6;!R](-[#9])-[#6;!R](-[#9])-[#9]/-5.40/FreeSolv/
1,2,4,5-tetrachlorobenzene/[#6]1(-[#17]):[#6](-[#17]):[#6]:[#6](:[#6](-[#17]):[#6]:1)-[#17]/-5.61/FreeSolv/
1,2,3,5-tetrachlorobenzene/[#6]1(-[#17]):[#6](-[#17]):[#6](-[#17]):[#6]:[#6](-[#17]):[#6]:1/-6.78/FreeSolv/
1,2,3,4-tetrachloro-5-(2,3,4-trichlorophenyl)benzene/[#6]2(-[#6]1:[#6](-[#17]):[#6](-[#17]):[#6](-[#17]):[#6]:[#6]:1):[#6](-[#17]):[#6](-[#17]):[#6](-[#17]):[#6](-[#17]):[#6]:2/-18.41/FreeSolv/
1,4-dichloro-2-phenyl-benzene/[#6]2(-[#6]1:[#6](-[#17]):[#6]:[#6]:[#6](-[#17]):[#6]:1):[#6]:[#6]:[#6]:[#6]:[#6]:2/-10.29/FreeSolv/
1,2-bis(trifluoromethyl)benzene/[#6]1:[#6]:[#6]:[#6]:[#6](-[#6](-[#9])(-[#9])(-[#9])):[#6]:1-[#6](-[#9])(-[#9])(-[#9])/4.48/FreeSolv/
1,3-dichloro-2-(2,6-dichlorophenyl)benzene/[#6]2(-[#6]1:[#6](-[#17]):[#6]:[#6]:[#6]:[#6](-[#17]):1):[#6](-[#17]):[#6]:[#6]:[#6]:[#6](-[#17]):2/-9.54/FreeSolv/
1,3,5-trichloro-2-(2,6-dichlorophenyl)benzene/[#6]2(-[#6]1:[#6](-[#17]):[#6]:[#6](-[#17]):[#6]:[#6](-[#17]):1):[#6](-[#17]):[#6]:[#6]:[#6]:[#6](-[#17]):2/-8.20/FreeSolv/
1,3,5-trichloro-2-phenyl-benzene/[#6]2(-[#6]1:[#6](-[#17]):[#6]:[#6](-[#17]):[#6]:[#6](-[#17]):1):[#6]:[#6]:[#6]:[#6]:[#6]:2/-9.04/FreeSolv/
methanamine/[#7+0H2;!R]-[#6;!R]/-19.09//
ethanamine/[#7+0H2;!R]-[#6;!R]-[#6;!R]/-18.84//
1-propanamine/[#6;!R]-[#6;!R]-[#6;!R]-[#7+0H2;!R]/-18.37//
1-butanamine/[#6;!R]-[#6;!R]-[#6;!R]-[#6;!R]-[#7+0H2;!R]/-17.97//
1-pentanamine/[#6;!R]-[#6;!R]-[#6;!R]-[#6;!R]-[#6;!R]-[#7+0H2;!R]/-17.14//
1-hexanamine/[#7+0H2;!R]-[#6;!R]-[#6;!R]-[#6;!R]-[#6;!R]-[#6;!R]-[#6;!R]/-16.87//
heptan-1-amine/[#6;!R]-[#6;!R]-[#6;!R]-[#6;!R]-[#6;!R]-[#6;!R]-[#6;!R]-[#7+0H2;!R]/-15.86/FreeSolv/
n-methylmethanamine/[#7+0H;!R](-[#6;!R])-[#6;!R]/-17.93//
n-ethylethanamine/[#6;!R]-[#6;!R]-[#7+0H;!R]-[#6;!R]-[#6;!R]/-17.02//
n-propyl-1-propanamine/[#6;!R]-[#6;!R]-[#6;!R]-[#7+0H;!R]-[#6;!R]-[#6;!R]-[#6;!R]/-15.31//
n-butyl-1-butanamine/[#6;!R]-[#6;!R]-[#6;!R]-[#6;!R]-[#7+0H;!R]-[#6;!R]-[#6;!R]-[#6;!R]-[#6;!R]/-13.92//
n,n-dimethylmethanamine/[#7+0;!R](-[#6;!R])(-[#6;!R])-[#6;!R]/-13.55//
n,n-diethylethanamine/[#7+0;!R](-[#6;!R]-[#6;!R])(-[#6;!R]-[#6;!R])-[#6;!R]-[#6;!R]/-12.65//
1,2-ethandiamine/[#7+0;!R]-[#6;!R]-[#6;!R]-[#7+0;!R]/-31.78//
N-isopropylpropan-2-amine/[#6;!R]-[#6;!R](-[#6;!R])-[#7+0H;!R]-[#6;!R](-[#6;!R])-[#6;!R]/-13.47/FreeSolv/
aziridine/[#6]1-[#6]-[#7+0]-1/-22.66//
azetidine/[#6]1-[#6]-[#7+0]-[#6]-1/-23.25//
pyrrolidine/[#6]1-[#6]-[#6]-[#7+0]-[#6]-1/-22.94//
1-methylpyrrolidine/[#6;!R]-[#7+0]1-[#6]-[#6]-[#6]-[#6]-1/-16.65//
1-pyrrolidin-1-ylethanone/[#6;!R]-[#6;!R](=[#8+0])-[#7+0]1-[#6]-[#6]-[#6]-[#6]-1/-41.00/FreeSolv/
1-methylpyrrole/[#7+0](-[#6;!R])1:[#6]:[#6]:[#6]:[#6]:1/-12.09/FreeSolv/
pyrrole/[#7+0H]1:[#6]:[#6]:[#6]:[#6]:1/-20.00/FreeSolv/
piperidine/[#6]1-[#6]-[#6]-[#7+0]-[#6]-[#6]-1/-21.38//
hexahydro-2-azepine/[#6]1-[#6]-[#6]-[#6]-[#7+0]-[#6]-[#6]-1/-20.54//
octahydroazocine/[#7+0]1-[#6]-[#6]-[#6]-[#6]-[#6]-[#6]-[#6]-1/-18.43//
1-methylpiperidine/[#7+0]1(-[#6]-[#6]-[#6]-[#6]-[#6]-1)-[#6;!R]/-16.29//
pyridine/[#6]1:[#6]:[#6]:[#7+0]:[#6]:[#6]:1/-19.66//
2-methylpyridine/[#7+0]1:[#6](-[#6;!R]):[#6]:[#6]:[#6]:[#6]:1/-19.38//
3-methylpyridine/[#7+0]1:[#6]:[#6](-[#6;!R]):[#6]:[#6]:[#6]:1/-19.97//
4-methylpyridine/[#6;!R]-[#6]1:[#6]:[#6]:[#7+0]:[#6]:[#6]:1/-20.65//
2-ethylpyridine/[#6;!R]-[#6;!R]-[#6]1:[#7+0]:[#6]:[#6]:[#6]:[#6]:1/-18.13//
3-ethylpyridine/[#6;!R]-[#6;!R]-[#6]1:[#6]:[#6]:[#6]:[#7+0]:[#6]:1/-19.26//
4-ethylpyridine/[#6;!R]-[#6;!R]-[#6]1:[#6]:[#6]:[#7+0]:[#6]:[#6]:1/-19.82//
2,3-dimethylpyridine/[#6;!R]-[#6]1:[#6]:[#6]:[#6]:[#7+0]:[#6]:1-[#6;!R]/-20.19//
2,4-dimethylpyridine/[#7+0]1:[#6](:[#6]:[#6](:[#6]:[#6]:1)-[#6;!R])-[#6;!R]/-20.35//
2,5-dimethylpyridine/[#7+0]1:[#6](:[#6]:[#6]:[#6](:[#6]:1)-[#6;!R])-[#6;!R]/-19.74//
2,6-dimethylpyridine/[#7+0]1:[#6](:[#6]:[#6]:[#6]:[#6]:1-[#6;!R])-[#6;!R]/-19.25//
3,4-dimethylpyridine/[#7+0]1:[#6]:[#6](:[#6](:[#6]:[#6]:1)-[#6;!R])-[#6;!R]/-21.84//
3,5-dimethylpyridine/[#6;!R]-[#6]1:[#6]:[#6](-[#6;!R]):[#6]:[#7+0]:[#6]:1/-20.26//
4-(1,1-dimethylethyl)pyridine/[#7+0]1:[#6]:[#6]:[#6](-[#6;!R](-[#6;!R])(-[#6;!R])-[#6;!R]):[#6]:[#6]:1/-18.68//
2,6-bis(1,1-dimethylethyl)-pyridine/[#7+0]1:[#6](-[#6;!R](-[#6;!R])(-[#6;!R])-[#6;!R]):[#6]:[#6]:[#6]:[#6]:1-[#6](-[#6;!R])(-[#6;!R])-[#6;!R]/-1.7//
pyridine-3-carbonitrile/[#6]1:[#6](-[#6]#[#7+0]):[#6]:[#7+0]:[#6]:[#6]:1/-28.24/FreeSolv/
pyridine-4-carbonitrile/[#6](-[#6]#[#7+0])1:[#6]:[#6]:[#7+0]:[#6]:[#6]:1/-25.19/FreeSolv/
pyridine-4-carbaldehyde/[#8+0]=[#6;!R]-[#6]1:[#6]:[#6]:[#7+0]:[#6]:[#6]:1/-29.29/FreeSolv/
5-Amino-4-chloro-2-phenylpyridazin-3(2H)-one/[#7+0H2;!R]-[#6]1:[#6](-[#17]):[#6](=[#8+0]):[#7+0](-[#6]2:[#6]:[#6]:[#6]:[#6]:[#6]:2):[#7+0]:[#6]:1/-68.74/FreeSolv/
2-(dimethylamino)-5,6-dimethylpyrimidin-4-ylN,N-dimethylcarbamate/[#6](-[#8+0]-[#6;!R](=[#8+0])-[#7+0;!R](-[#6;!R])-[#6;!R])1:[#7+0]:[#6](-[#7+0;!R](-[#6;!R])-[#6;!R]):[#7+0]:[#6](-[#6;!R]):[#6](-[#6;!R]):1/-39.37/FreeSolv/
ethyl6-methyl-2-(propan-2-yl)pyrimidin-4-ylethoxy(sulfanylidene)phosphonite/[#6;!R]-[#6;!R]-[#8+0]-P(=[#16])(-[#8+0]-[#6;!R]-[#6;!R])-[#8+0;!R]-[#6]1:[#7+0]:[#6](-[#6;!R](-[#6;!R])-[#6;!R]):[#7+0]:[#6](-[#6;!R]):[#6]:1/-27.11/FreeSolv/
diethyl({[(4-chlorophenyl)sulfanyl]methyl}sulfanyl)(sulfanylidene)phosphonite/[#17]-[#6]1:[#6]:[#6]:[#6](-[#16;!R]-[#6;!R]-[#16;!R]-P(=[#16])(-[#8+0]-[#6;!R]-[#6;!R])-[#8+0]-[#6;!R]-[#6;!R]):[#6]:[#6]:1/-27.20/FreeSolv/
3-tert-butyl-5-chloro-2-hydroxy-6-methyl-3,4-dihydropyrimidin-4-one/[#6](=[#8+0])1:[#7+0](-[#6;!R](-[#6;!R])(-[#6;!R])-[#6;!R]):[#6](-[#8+0H]):[#7+0]:[#6](-[#6;!R]):[#6](-[#17]):1/-46.61/FreeSolv/
5-bromo-3-(butan-2-yl)-2-hydroxy-6-methyl-3,4-dihydropyrimidin-4-one/[#6](=[#8+0])1:[#7+0](-[#6;!R](-[#6;!R])-[#6;!R]-[#6;!R]):[#6](-[#8+0H]):[#7+0]:[#6](-[#6;!R]):[#6](-[#35]):1/-40.71/FreeSolv/
N2-ethyl-6-(methylsulfanyl)-N4-(propan-2-yl)-1,3,5-triazine-2,4-diamine/[#6](-[#7+0H]-[#6;!R](-[#6;!R])-[#6;!R])1:[#7+0]:[#6](-[#7+0H]-[#6;!R]-[#6;!R]):[#7+0]:[#6](-[#16]-[#6;!R]):[#7+0]:1/-32.01/FreeSolv/
dimethyl{[(4-oxo-3,4-dihydro-1,2,3-benzotriazin-3-yl)methyl]sulfanyl}(sulfanylidene)phosphonite/[#6]12:[#6](:[#6]:[#6]:[#6]:[#6]:1):[#6](=[#8+0]):[#7+0](-[#6;!R]-[#16;!R]-P(=[#16;!R])(-[#8+0]-[#6;!R])-[#8+0]-[#6;!R]):[#7+0]:[#7+0]:2/-41.97/FreeSolv/
2-propanone/[#8+0;!R]=[#6;!R](-[#6;!R])-[#6;!R]/-16.12//
2-butanone/[#6;!R]-[#6;!R]-[#6;!R](-[#6;!R])=[#8+0;!R]/-15.22//
2-pentanone/[#6;!R]-[#6;!R]-[#6;!R]-[#6;!R](-[#6;!R])=[#8+0;!R]/-14.76//
3-pentanone/[#6;!R]-[#6;!R]-[#6;!R](=[#8+0;!R])-[#6;!R]-[#6;!R]/-14.28//
3-methyl-2-butanone/[#6;!R]-[#6;!R](-[#6;!R])-[#6;!R](-[#6;!R])=[#8+0;!R]/-13.56//
2-hexanone/[#6;!R]-[#6;!R]-[#6;!R]-[#6;!R]-[#6;!R](-[#6;!R])=[#8+0;!R]/-13.76//
4-methyl-2-pentanone/[#6;!R]-[#6;!R](-[#6;!R])-[#6;!R]-[#6;!R](-[#6;!R])=[#8+0;!R]/-12.82//
2-heptanone/[#6;!R]-[#6;!R]-[#6;!R]-[#6;!R]-[#6;!R]-[#6;!R](-[#6;!R])=[#8+0;!R]/-12.72//
4-heptanone/[#6;!R]-[#6;!R]-[#6;!R]-[#6;!R](=[#8+0;!R])-[#6;!R]-[#6;!R]-[#6;!R]/-12.24//
2,4-dimethyl-3-pentanone/[#6;!R]-[#6;!R](-[#6;!R])-[#6;!R](=[#8+0;!R])-[#6;!R](-[#6;!R])-[#6;!R]/-11.46//
2-octanone/[#6;!R]-[#6;!R]-[#6;!R]-[#6;!R]-[#6;!R]-[#6;!R]-[#6;!R](-[#6;!R])=[#8+0;!R]/-12.06//
2-nonanone/[#6;!R]-[#6;!R]-[#6;!R]-[#6;!R]-[#6;!R]-[#6;!R]-[#6;!R]-[#6;!R](-[#6;!R])=[#8+0;!R]/-10.41//
5-nonanone/[#8+0;!R]=[#6;!R](-[#6;!R]-[#6;!R]-[#6;!R]-[#6;!R])-[#6;!R]-[#6;!R]-[#6;!R]-[#6;!R]/-11.18//
2-undecanone/[#8+0;!R]=[#6;!R](-[#6;!R]-[#6;!R]-[#6;!R]-[#6;!R]-[#6;!R]-[#6;!R]-[#6;!R]-[#6;!R]-[#6;!R])-[#6;!R]/-9.05//
2-adamantanone/[#8+0]=[#6]2-[#6]1-[#6]-[#6]3-[#6]-[#6](-[#6]-1)-[#6]-[#6]-2-[#6]-3/-18.66//
1-phenylethanone/[#6]1:[#6]:[#6](:[#6]:[#6]:[#6]:1)-[#6;!R](-[#6;!R])=[#8+0;!R]/-19.18//
1-cyclohexylethanone/[#6]1-[#6]-[#6](-[#6]-[#6]-[#6]-1)-[#6;!R](-[#6;!R])=[#8+0;!R]/-16.32/FreeSolv/
1-cyclopropylethanone/[#6;!a]1-[#6;!a]-[#6;!a]-1-[#6;!R](-[#6;!R])=[#8+0;!R]/-19.29/FreeSolv/
1-(4-pyridyl)ethanone/[#8+0]=[#6;!R](-[#6;!R])-[#6]1:[#6]:[#6]:[#7+0]:[#6]:[#6]:1/-31.88/FreeSolv/
1-(3-pyridyl)ethanone/[#6]1:[#6](-[#6;!R](=[#8+0])-[#6;!R]):[#6]:[#7+0]:[#6]:[#6]:1/-34.56/FreeSolv/
1-(4-methoxyphenyl)ethanone/[#6]1:[#6]:[#6](-[#6;!R](=[#8+0])-[#6;!R]):[#6]:[#6]:[#6]:1-[#8+0;!R]-[#6;!R]/-18.41/FreeSolv/
1-(4-methylphenyl)ethanone/[#6]1:[#6]:[#6](-[#6;!R](=[#8+0])-[#6;!R]):[#6]:[#6]:[#6]:1-[#6;!R]/-19.66/FreeSolv/
acetaldehyde/[#6;!R]-[#6;!R]=[#8+0;!R]/-14.66//
methanal/[#6;!R]=[#8+0;!R]/-11.51/FreeSolv/
propanal/[#6;!R]-[#6;!R]-[#6;!R]=[#8+0;!R]/-14.4//
butanal/[#8+0;!R]=[#6;!R]-[#6;!R]-[#6;!R]-[#6;!R]/-13.29//
pentanal/[#8+0;!R]=[#6;!R]-[#6;!R]-[#6;!R]-[#6;!R]-[#6;!R]/-12.68//
hexanal/[#6;!R]-[#6;!R]-[#6;!R]-[#6;!R]-[#6;!R]-[#6;!R]=[#8+0;!R]/-11.76//
heptanal/[#6;!R]-[#6;!R]-[#6;!R]-[#6;!R]-[#6;!R]-[#6;!R]-[#6;!R]=[#8+0;!R]/-11.18//
octanal/[#8+0;!R]=[#6;!R]-[#6;!R]-[#6;!R]-[#6;!R]-[#6;!R]-[#6;!R]-[#6;!R]-[#6;!R]/-9.58//
nonanal/[#8+0;!R]=[#6;!R]-[#6;!R]-[#6;!R]-[#6;!R]-[#6;!R]-[#6;!R]-[#6;!R]-[#6;!R]-[#6;!R]/-8.69//
trans-2-butenal/[#8+0;!R]=[#6;!R]-[#6;!R]=[#6;!R]-[#6;!R]/-17.68//
trans-2-hexenal/[#6;!R](=[#6;!R]-[#6;!R]-[#6;!R]-[#6;!R])-[#6;!R]=[#8+0;!R]/-15.4//
trans-2-octenal/[#8+0;!R]=[#6;!R]-[#6;!R]=[#6;!R]-[#6;!R]-[#6;!R]-[#6;!R]-[#6;!R]-[#6;!R]/-14.4//
trans,trans-2,4-hexadienal/[#8+0;!R]=[#6;!R]-[#6;!R]=[#6;!R]-[#6;!R]=[#6;!R]-[#6;!R]/-19.39//
benzaldehyde/[#8+0]=[#6;!R]-[#6]1:[#6]:[#6]:[#6]:[#6]:[#6]:1/-16.84//
formicacidmethylester/[#6;!R](=[#8+0;!R])-[#8+0;!R]-[#6;!R]/-11.64//
formicacidethylester/[#6;!R](=[#8+0;!R])-[#8+0;!R]-[#6;!R]-[#6;!R]/-11.07//
formicacidpropylester/[#8+0;!R](-[#6;!R]-[#6;!R]-[#6;!R])-[#6;!R]=[#8+0;!R]/-10.39//
formicacid1-methylethylester/[#6;!R]-[#6;!R](-[#6;!R])-[#8+0;!R]-[#6;!R]=[#8+0;!R]/-8.45//
formicacid2-methylpropylester/[#8+0;!R](-[#6;!R]-[#6;!R](-[#6;!R])-[#6;!R])-[#6;!R]=[#8+0;!R]/-9.3//
formicacid3-methylester/[#6;!R]-[#8+0;!R]-[#6;!R](-[#17])=[#8+0;!R]/-8.9//
formicacid3-methylbutylester/[#6;!R]-[#6;!R](-[#6;!R])-[#6;!R]-[#6;!R]-[#8+0;!R]-[#6;!R]=[#8+0;!R]/-10.67//
aceticacid/[#6;!R](=[#8+0;!R])(-[#8+0H;!R])-[#6;!R]/-28.05//
aceticacidmethylester/[#6;!R]-[#8+0;!R]-[#6;!R](-[#6;!R])=[#8+0;!R]/-13.87//
aceticacidethylester/[#6;!R]-[#6;!R]-[#8+0;!R]-[#6;!R](-[#6;!R])=[#8+0;!R]/-12.95//
aceticacidpropylester/[#8+0;!R](-[#6;!R]-[#6;!R]-[#6;!R])-[#6;!R](=[#8+0;!R])-[#6;!R]/-11.95//
aceticacid1-methylethylester/[#6;!R]-[#6;!R](-[#6;!R])-[#8+0;!R]-[#6;!R](-[#6;!R])=[#8+0;!R]/-11.07//
aceticacidbutylester/[#8+0;!R](-[#6;!R]-[#6;!R]-[#6;!R]-[#6;!R])-[#6;!R](=[#8+0;!R])-[#6;!R]/-9.87//
aceticacid2-methylpropylester/[#6;!R]-[#6;!R](-[#6;!R])-[#6;!R]-[#8+0;!R]-[#6;!R](-[#6;!R])=[#8+0;!R]/-10.27//
aceticacidpentylester/[#6;!R]-[#6;!R]-[#6;!R]-[#6;!R]-[#6;!R]-[#8+0;!R]-[#6;!R](-[#6;!R])=[#8+0;!R]/-10.27//
aceticacid3-methylbutylester/[#6;!R]-[#6;!R](-[#6;!R])-[#6;!R]-[#6;!R]-[#8+0;!R]-[#6;!R](-[#6;!R])=[#8+0;!R]/-9.25//
aceticacidhexylester/[#6;!R]-[#6;!R]-[#6;!R]-[#6;!R]-[#6;!R]-[#6;!R]-[#8+0;!R]-[#6;!R](-[#6;!R])=[#8+0;!R]/-9.47//
2-acetoxyethylaceticacid/[#6;!R]-[#6;!R](=[#8+0])-[#8+0]-[#6;!R]-[#6;!R]-[#8+0]-[#6;!R](=[#8+0])-[#6;!R]/-26.53/FreeSolv/
propanoicacid/[#6;!R](=[#8+0;!R])(-[#8+0H;!R])-[#6;!R]-[#6;!R]/-27.09//
propanoicacidmethylester/[#6;!R]-[#6;!R]-[#6;!R](=[#8+0;!R])-[#8+0;!R]-[#6;!R]/-12.27//
methyl2,2-dimethylpropanoicacid/[#6;!R]-[#6;!R](-[#6;!R])(-[#6;!R])-[#6;!R](=[#8+0;!R])-[#8+0;!R]-[#6;!R]/-10.04/FreeSolv/
propanoicacidethylester/[#6;!R]-[#6;!R]-[#8+0;!R]-[#6;!R](=[#8+0;!R])-[#6;!R]-[#6;!R]/-11.7//
propanoicacid1-methylethylester/[#8+0;!R](-[#6;!R](-[#6;!R])-[#6;!R])-[#6;!R](=[#8+0;!R])-[#6;!R]-[#6;!R]/-9.3//
propanoicacidpropylester/[#8+0;!R](-[#6;!R]-[#6;!R]-[#6;!R])-[#6;!R](=[#8+0;!R])-[#6;!R]-[#6;!R]/-10.21/FreeSolv/
propanoicacidpentylester/[#8+0;!R](-[#6;!R]-[#6;!R]-[#6;!R]-[#6;!R]-[#6;!R])-[#6;!R](=[#8+0;!R])-[#6;!R]-[#6;!R]/-8.33//
isobutyl2-methylpropanoicacid/[#8+0;!R](-[#6;!R]-[#6;!R](-[#6;!R])-[#6;!R])-[#6;!R](=[#8+0;!R])-[#6;!R](-[#6;!R])-[#6;!R]/-7.07/FreeSolv/
butanoicacid/[#8+0H;!R]-[#6;!R](=[#8+0;!R])-[#6;!R]-[#6;!R]-[#6;!R]/-26.59//
3-methylbutanoicacid/[#8+0;!R]-[#6;!R](=[#8+0;!R])-[#6;!R]-[#6;!R](-[#6;!R])-[#6;!R]/-25.48/#FreeSolv/
butanoicacidmethylester/[#8+0;!R](-[#6;!R](=[#8+0;!R])-[#6;!R]-[#6;!R]-[#6;!R])-[#6;!R]/-11.85//
butanoicacidethylester/[#6;!R]-[#6;!R]-[#6;!R]-[#6;!R](=[#8+0;!R])-[#8+0;!R]-[#6;!R]-[#6;!R]/-10.44//
butanoicacidpropylester/[#8+0;!R](-[#6;!R]-[#6;!R]-[#6;!R])-[#6;!R](=[#8+0;!R])-[#6;!R]-[#6;!R]-[#6;!R]/-9.53//
pentanoicacidmethylester/[#8+0;!R](-[#6;!R](=[#8+0;!R])-[#6;!R]-[#6;!R]-[#6;!R]-[#6;!R])-[#6;!R]/-10.77//
pentanoicacidethylester/[#6;!R](-[#6;!R]-[#6;!R]-[#6;!R])-[#6;!R](=[#8+0;!R])-[#8+0;!R]-[#6;!R]-[#6;!R]/-10.56//
hexanoicacid/[#6;!R]-[#6;!R]-[#6;!R]-[#6;!R]-[#6;!R]-[#6;!R](=[#8+0;!R])-[#8+0H;!R]/-25.98/FreeSolv/
hexanoicacidmethylester/[#6;!R]-[#6;!R]-[#6;!R]-[#6;!R]-[#6;!R]-[#6;!R](=[#8+0;!R])-[#8+0;!R]-[#6;!R]/-10.41//
hexanoicacidethylester/[#6;!R]-[#6;!R]-[#6;!R]-[#6;!R]-[#6;!R]-[#6;!R](=[#8+0;!R])-[#8+0;!R]-[#6;!R]-[#6;!R]/-9.33/FreeSolv/
heptanoicacidethylester/[#6;!R]-[#6;!R]-[#6;!R]-[#6;!R]-[#6;!R]-[#6;!R]-[#6;!R](=[#8+0;!R])-[#8+0;!R]-[#6;!R]-[#6;!R]/-9.64//
octanoicacidmethylester/[#6;!R]-[#6;!R]-[#6;!R]-[#6;!R]-[#6;!R]-[#6;!R]-[#6;!R]-[#6;!R](=[#8+0;!R])-[#8+0;!R]-[#6;!R]/-8.53//
benzoicacidmethylester/[#8+0;!R](-[#6;!R](=[#8+0;!R])-[#6]1:[#6]:[#6]:[#6]:[#6]:[#6]:1)-[#6;!R]/-17.92//
benzoicacidethylester/[#8+0;!R](-[#6;!R](=[#8+0;!R])-[#6]1:[#6]:[#6]:[#6]:[#6]:[#6]:1)-[#6;!R]-[#6;!R]/-15.23/FreeSolv/
2-(2,3-dimethylphenyl)aminobenzoicacid/[#6]1:[#6]:[#6]:[#6]:[#6](-[#6;!R](=[#8+0])-[#8+0H]):[#6]:1-[#7+0H]-[#6]2:[#6](-[#6;!R]):[#6](-[#6;!R]):[#6]:[#6]:[#6]:2/-28.37/FreeSolv/
methyl4-nitrobenzoicacid/[#8+0;!R](-[#6;!R](=[#8+0;!R])-[#6]1:[#6]:[#6]:[#6](-[#7+;!R](=[#8+0])-[#8-]):[#6]:[#6]:1)-[#6;!R]/-28.79/FreeSolv/
2-benzhydryloxyethyl-dimethyl-amine/[#6]1:[#6]:[#6]:[#6]:[#6]:[#6]:1-[#6;!R](-[#8+0]-[#6;!R]-[#6;!R]-[#7+0;!R](-[#6;!R])-[#6;!R])-[#6]2:[#6]:[#6]:[#6]:[#6]:[#6]:2/-39.08/FreeSolv/
methyl4-methoxybenzoate/[#8+0;!R](-[#6;!R](=[#8+0;!R])-[#6]1:[#6]:[#6]:[#6](-[#8+0]-[#6;!R]):[#6]:[#6]:1)-[#6;!R]/-22.30/FreeSolv/
diethylbutanedioicacid/[#6;!R]-[#6;!R]-[#8+0]-[#6;!R](=[#8+0])-[#6;!R]-[#6;!R]-[#6;!R](=[#8+0])-[#8+0]-[#6;!R]-[#6;!R]/-23.89/FreeSolv/
diethylpropanedioicacid/[#6;!R]-[#6;!R]-[#8+0]-[#6;!R](=[#8+0])-[#6;!R]-[#6;!R](=[#8+0])-[#8+0]-[#6;!R]-[#6;!R]/-25.10/FreeSolv/
acetamide/[#6;!R]-[#6;!R](-[#7+0;!R])=[#8+0;!R]/-40.63//
chloroethene/[#17]-[#6;!R]=[#6;!R]/-2.48//
acetonitrile/[#7+0;!R]#[#6;!R]-[#6;!R]/-16.26//
1,3-dioxolane/[#8+0]1-[#6]-[#6]-[#8+0]-[#6]-1/-17.14//
1,4-dioxane/[#6]1-[#6]-[#8+0]-[#6]-[#6]-[#8+0]-1/-21.15//
piperazine/[#6]1-[#6]-[#7+0]-[#6]-[#6]-[#7+0]-1/-30.86//
1-methylpiperazine/[#7+0]1(-[#6]-[#6]-[#7+0]-[#6]-[#6]-1)-[#6;!R]/-32.53//
1,4-dimethylpiperazine/[#6;!R]-[#7+0]1-[#6]-[#6]-[#7+0](-[#6;!R])-[#6]-[#6]-1/-31.7//
2-methylpyrazine/[#7+0]1:[#6](-[#6;!R]):[#6]:[#7+0]:[#6]:[#6]:1/-23.09//
2-ethylpyrazine/[#6;!R]-[#6;!R]-[#6]1:[#7+0]:[#6]:[#6]:[#7+0]:[#6]:1/-22.83//
2-(2-methylpropyl)pyrazine/[#6;!R]-[#6;!R](-[#6;!R])-[#6;!R]-[#6]1:[#7+0]:[#6]:[#6]:[#7+0]:[#6]:1/-21.11//
2-ethyl-3-methoxypyrazine/[#6;!R]-[#6;!R]-[#6]1:[#7+0]:[#6]:[#6]:[#7+0]:[#6]:1-[#8+0;!R]-[#6;!R]/-18.39//
2-(2-methylpropyl)-3-methoxy-pyrazine/[#6]1(:[#6](:[#7+0]:[#6]:[#6]:[#7+0]:1)-[#8+0;!R]-[#6;!R])-[#6;!R]-[#6;!R](-[#6;!R])-[#6;!R]/-15.41//
2-methoxyethanamine/[#6;!R]-[#8+0;!R]-[#6;!R]-[#6;!R]-[#7+0;!R]/-27.39//
3-methoxy-1-propanamine/[#6;!R]-[#8+0;!R]-[#6;!R]-[#6;!R]-[#6;!R]-[#7+0;!R]/-28.98//
morpholine/[#6]1-[#6]-[#8+0]-[#6]-[#6]-[#7+0]-1/-30.02//
4-methylmorpholine/[#7+0]1(-[#6]-[#6]-[#8+0]-[#6]-[#6]-1)-[#6;!R]/-26.51//
cis-1,2-dichloroethene/[#17]-[#6;!R]=[#6;!R]-[#17]/-4.91//
trans-1,2-dichloroethene/[#17]-[#6;!R]=[#6;!R]-[#17]/-3.2//
trichloroethene/[#17]-[#6;!R]=[#6;!R](-[#17])-[#17]/-1.83//
tetrafluoroethene/[#9]-[#6;!R](-[#9])=[#6;!R](-[#9])-[#9]/5.76//
tetrachloroethene/[#17]-[#6;!R](-[#17])=[#6;!R](-[#17])-[#17]/0.23//
1,1-dichloroethene/[#17]-[#6;!R](-[#17])=[#6;!R]/1.05/FreeSolv/
2-hydroxybenzaldehyde/[#8+0;!R]=[#6;!R]-[#6]1:[#6](-[#8+0H;!R]):[#6]:[#6]:[#6]:[#6]:1/-19.58/FreeSolv/
3-hydroxybenzaldehyde/[#8+0;!R]=[#6;!R]-[#6]1:[#6]:[#6](-[#8+0H;!R]):[#6]:[#6]:[#6]:1/-39.81//
4-hydroxybenzaldehyde/[#8+0;!R]=[#6;!R]-[#6]1:[#6]:[#6]:[#6](:[#6]:[#6]:1)-[#8+0H;!R]/-43.83//
3-hydroxybenzonitrile/[#8+0H;!R]-[#6]1:[#6]:[#6](:[#6]:[#6]:[#6]:1)-[#6;!R]#[#7+0;!R]/-40.44//
4-hydroxybenzonitrile/[#8+0H;!R]-[#6]1:[#6]:[#6]:[#6](:[#6]:[#6]:1)-[#6;!R]#[#7+0;!R]/-42.57//
benzonitrile/[#6]1:[#6]:[#6]:[#6]:[#6]:[#6]:1-[#6;!R]#[#7+0;!R]/-17.15/FreeSolv/
2-chloropyridine/[#17]-[#6]1:[#7+0]:[#6]:[#6]:[#6]:[#6]:1/-18.39//
3-chloropyridine/[#17]-[#6]1:[#6]:[#6]:[#6]:[#7+0]:[#6]:1/-16.8//
pyridine-3-carbaldehyde/[#6]1:[#6](-[#6;!R]=[#8+0]):[#6]:[#7+0]:[#6]:[#6]:1/-29.71/FreeSolv/
1,1,1-trifluoropropan-2-ol/[#6;!R]-[#6;!R](-[#8+0H;!R])-[#6;!R](-[#9])(-[#9])-[#9]/-17.4//
2,2,3,3-tetrafluoropropan-1-ol/[#8+0H;!R]-[#6;!R]-[#6;!R](-[#9])(-[#9])-[#6;!R](-[#9])-[#9]/-20.41//
2,2,3,3,3-pentafluoropropan-1-ol/[#8+0H;!R]-[#6;!R]-[#6;!R](-[#9])(-[#9])-[#6;!R](-[#9])(-[#9])-[#9]/-17.38//
1,1,1,3,3,3-hexafluoropropan-2-ol/[#8+0H;!R]-[#6;!R](-[#6;!R](-[#9])(-[#9])-[#9])-[#6;!R](-[#9])(-[#9])-[#9]/-15.77//
propionamide/[#6;!R]-[#6;!R]-[#6;!R](-[#7+0H2;!R])=[#8+0;!R]/-39.25/wolfenden/
4-methylimidazole/[#7+0]1:[#6](-[#6;!R]):[#6]:[#7+0]:[#6]:1/-42.97/wolfenden/
methylethylsulfide/[#6;!a]-[#16]-[#6;!a]-[#6;!a]/-6.19/wolfenden/
3-methylindole/[#6]12:[#6](:[#6]:[#6]:[#6]:[#6]:1):[#7+0H]:[#6]:[#6](-[#6]):2/-24.60//
2-[(trichloromethyl)sulfanyl]-2,3,3a,4,7,7a-hexahydro-1H-isoindole-1,3-dione/[#6]12-[#6](-[#6]-[#6]=[#6]-[#6]-1)-[#6](=[#8+0])-[#7+0](-[#16;!R]-[#6;!R](-[#17])(-[#17])-[#17])-[#6](=[#8+0])-2/-37.70/FreeSolv/
phthalimide/[#6]12:[#6](:[#6]:[#6]:[#6]:[#6]:1)-[#6](=[#8+0])-[#7+0H]-[#6](=[#8+0])-2/-40.21/FreeSolv/
dialifor/[#6]12:[#6](:[#6]:[#6]:[#6]:[#6]:1)-[#6](=[#8+0])-[#7+0](-[#6;!R](-[#6;!R]-[#17])-[#16]-P(=[#16;!R])(-[#8+0]-[#6;!R]-[#6;!R])-[#8+0]-[#6;!R]-[#6;!R])-[#6](=[#8+0])-2/-24.02/FreeSolv/
aniline/[#7+0H2;!R]-[#6]1:[#6]:[#6]:[#6]:[#6]:[#6]:1/-20.50//
4-nitroaniline/[#6]1:[#6](-[#7+0H2]):[#6]:[#6]:[#6](-[#7+](=[#8+0])(-[#8-])):[#6]:1/-41.09/SAMPL2/
3-nitroaniline/[#6]1:[#6](-[#7+0H2]):[#6]:[#6](-[#7+](=[#8+0])(-[#8-])):[#6]:[#6]:1/-36.99/FreeSolv/
2-nitroaniline/[#6]1:[#6](-[#7+0H2]):[#6](-[#7+](=[#8+0])(-[#8-])):[#6]:[#6]:[#6]:1/-30.84/FreeSolv/
2-chloroaniline/[#6]1:[#6]:[#6](-[#7+0H2]):[#6](-[#17]):[#6]:[#6]:1/-20.54/FreeSolv/
3-chloroaniline/[#6]1:[#6](-[#7+0H2]):[#6]:[#6](-[#17]):[#6]:[#6]:1/-24.35/FreeSolv/
4-chloroaniline/[#6]1:[#6](-[#7+0H2]):[#6]:[#6]:[#6](-[#17]):[#6]:1/-24.69/FreeSolv/
N-methylaniline/[#6;!R]-[#7+0H;!R]-[#6]1:[#6]:[#6]:[#6]:[#6]:[#6]:1/-19.62/FreeSolv/
N,N-dimethylaniline/[#6;!R]-[#7+0;!R](-[#6;!R])-[#6]1:[#6]:[#6]:[#6]:[#6]:[#6]:1/-14.43/FreeSolv/
N-methyl-N-(2,2,2-trifluoroethyl)aniline/[#6;!R]-[#7+0;!R](-[#6;!R](-[#9])(-[#9])(-[#9]))-[#6]1:[#6]:[#6]:[#6]:[#6]:[#6]:1/-8.03/FreeSolv/
4-methylaniline/[#7+0H2;!R]-[#6]1:[#6]:[#6]:[#6](-[#6;!R]):[#6]:[#6]:1/-23.30/FreeSolv/
2-methylaniline/[#7+0H2;!R]-[#6]1:[#6](-[#6;!R]):[#6]:[#6]:[#6]:[#6]:1/-23.14/FreeSolv/
2,6-dimethylaniline/[#7+0H2;!R]-[#6]1:[#6](-[#6;!R]):[#6]:[#6]:[#6]:[#6](-[#6;!R]):1/-21.80/FreeSolv/
2-methoxyaniline/[#7+0H2;!R]-[#6]1:[#6](-[#8+0]-[#6;!R]):[#6]:[#6]:[#6]:[#6]:1/-25.61/FreeSolv/
3-methoxyaniline/[#7+0H2;!R]-[#6]1:[#6]:[#6](-[#8+0]-[#6;!R]):[#6]:[#6]:[#6]:1/-30.50/FreeSolv/
4-methoxyaniline/[#7+0H2;!R]-[#6]1:[#6]:[#6]:[#6](-[#8+0]-[#6;!R]):[#6]:[#6]:1/-31.30/FreeSolv/
nmethylacetamide/[#6;!R](=[#8+0;!R])-[#7+0H;!R]-[#6;!R]/-42.26//
dimethylacetamide/[#6;!R]-[#6;!R](=[#8+0;!R])-[#7+0;!R](-[#6;!R])-[#6;!R]/-35.56//
aspirin/[#6]1:[#6]:[#6]:[#6]:[#6](-[#6;!R](=[#8+0;!R])(-[#8+0;!R]-[#6;!R])):[#6]:1(-[#6;!R](=[#8+0;!R])(-[#8+0H;!R]))/-41.59/SAMPL2/
uracil/[#7+0]1:[#6]:[#6]:[#6](=[#8+0;!R]):[#7+0]:[#6](=[#8+0;!R]):1/-69.41/SAMPL2/
5-bromouracil/[#7+0]1:[#6](-Br):[#6]:[#6](=[#8+0;!R]):[#7+0]:[#6](=[#8+0;!R]):1/-76.02/SAMPL2/
5-chlorouracil/[#7+0]1:[#6](-Cl):[#6]:[#6](=[#8+0;!R]):[#7+0]:[#6](=[#8+0;!R]):1/-74.22/SAMPL2/
5-fluorouracil/[#7+0]1:[#6](-F):[#6]:[#6](=[#8+0;!R]):[#7+0]:[#6](=[#8+0;!R]):1/-70.79/FreeSolv/
5-iodouracil/[#7+0]1:[#6](-I):[#6]:[#6](=[#8+0;!R]):[#7+0]:[#6](=[#8+0;!R]):1/-78.32/SAMPL2/
5-trifluoromethyluracil/[#7+0]1:[#6](-C(-F)(-F)-F):[#6]:[#6](=[#8+0;!R]):[#7+0]:[#6](=[#8+0;!R]):1/-64.68/SAMPL2/
6-chlorouracil/[#7+0]1:[#6]:[#6](-Cl):[#6](=[#8+0;!R]):[#7+0]:[#6](=[#8+0;!R]):1/-66.23/SAMPL2/
cyanuricacid/[#7+0]1:[#6](=[#8+0]):[#7+0]:[#6](=[#8+0]):[#7+0]:[#6](=[#8+0]):1/-75.56/SAMPL2/
caffeine/[#6]12:[#6](:[#7+0]:[#6]:[#7+0](-[#6]):1):[#7+0](-[#6]):[#6](=[#8+0]):[#7+0](-[#6]):[#6](=[#8+0]):2/-52.89/SAMPL2/
methylparaben/[#6]1:[#6]:[#6](-[#8+0H]):[#6]:[#6]:[#6](-[#6](=[#8+0])-[#8+0]-[#6]):1/-39.79/SAMPL2/
ethylparaben/[#6]1:[#6]:[#6](-[#8+0H]):[#6]:[#6]:[#6](-[#6](=[#8+0])-[#8+0]-[#6;!R]-[#6]):1/-38.49/SAMPL2/
propylparaben/[#6]1:[#6]:[#6](-[#8+0H]):[#6]:[#6]:[#6](-[#6](=[#8+0])-[#8+0]-[#6;!R]-[#6;!R]-[#6]):1/-39.20/SAMPL2/
butylparaben/[#6]1:[#6]:[#6](-[#8+0H]):[#6]:[#6]:[#6](-[#6](=[#8+0])-[#8+0]-[#6;!R]-[#6;!R]-[#6;!R]-[#6]):1/-36.48/SAMPL2/
diflunisal/[#6]2(-[#6]1:[#6](-[F]):[#6]:[#6](-[F]):[#6]:[#6]:1):[#6]:[#6](-[#6](=[#8+0])-[#8+0H]):[#6](-[#8+0H]):[#6]:[#6]:2/-39.33/SAMPL2/
flurbiprofen/[#6]2(-[#6]1:[#6]:[#6]:[#6]:[#6]:[#6]:1):[#6]:[#6]:[#6](-[#6](-[#6])-[#6](=[#8+0])-[#8+0H]):[#6]:[#6](-[F]):2/-35.23/SAMPL2/
ibuprofen/[#6]1:[#6](-[#6](-[#6])-[#6](=[#8+0])-[#8+0H]):[#6]:[#6]:[#6](-[#6]-[#6](-[#6])(-[#6])):[#6]:1/-29.29/SAMPL2/
ketoprofen/[#6]2(-[#6](=[#8+0])(-[#6]1:[#6]:[#6]:[#6]:[#6]:[#6]:1)):[#6]:[#6](-[#6](-[#6])-[#6](=[#8+0])-[#8+0H]):[#6]:[#6]:[#6]:2/-45.10/SAMPL2/
naproxen/[#6]12:[#6](:[#6]:[#6]:[#6](-[#8+0;!R]-[#6]):[#6]:1):[#6]:[#6](-[#6](-[#6])-[#6](=[#8+0])-[#8+0H]):[#6]:[#6]:2/-42.72/SAMPL2/
phtalimide/[#6]12:[#6](-[#6](=[#8+0])-[#7+0H]-[#6](=[#8+0])-1):[#6]:[#6]:[#6]:[#6]:2/-40.21/SAMPL2/
dglucose/[#6](-[OH])1-[#6](-[#6]-[OH])-[#8+0]-[#6](-[OH])-[#6](-[OH])-[#6](-[OH])-1/-106.57/SAMPL2/
dxylose/[#6](-[OH])1-[#6]-[#8+0]-[#6](-[OH])-[#6](-[OH])-[#6](-[OH])-1/-85.86/SAMPL2/
sulfolane/[#6]1-[#6]-[#16](=[#8+0])(=[#8+0])-[#6]-[#6]-1/-36.02/SAMPL2/
trimethylorthotrifluoroacetate/[#6](-[#9])(-[#9])(-[#9])-[#6](-[#8+0]-[#6])(-[#8+0]-[#6])(-[#8+0]-[#6])/-3.35/SAMPL2/
trimethylphosphate/P(=[#8+0])(-[#8+0]-[#6;!R])(-[#8+0]-[#6;!R])(-[#8+0]-[#6;!R])/-36.40/SAMPL2/
triethylphosphate/P(=[#8+0])(-[#8+0]-[#6;!R]-[#6;!R])(-[#8+0]-[#6;!R]-[#6;!R])(-[#8+0]-[#6;!R]-[#6;!R])/-31.38/FreeSolv/
glycerol/[#8+0H]-[#6]-[#6](-[#8+0H])-[#6]-[#8+0H]/-56.19/FreeSolv/
dichlobenil/[#6]1:[#6](-[#17]):[#6](:[#6](-[#17]):[#6]:[#6]:1)-[#6;!R]#[#7+0;!R]/-19.71/FreeSolv/
thiophene/[#16]1:[#6]:[#6]:[#6]:[#6]:1/-5.86/FreeSolv/
2-methylthiophene/[#16]1:[#6](-[#6;!R]):[#6]:[#6]:[#6]:1/-5.77/Freesolv/
phorate/[#6;!R]-[#6;!R]-[#16;!R]-[#6;!R]-[#16;!R]-P(=[#16])(-[#8+0;!R]-[#6;!R]-[#6;!R])(-[#8+0;!R]-[#6;!R]-[#6;!R])/-18.28/FreeSolv/
parathion/[#6;!R]-[#6;!R]-[#8+0;!R]-P(=[#16])(-[#8+0;!R]-[#6;!R]-[#6;!R])(-[#8+0;!R]-[#6]1:[#6]:[#6]:[#6](-[#7+](=[#8+0])(-[#8-])):[#6]:[#6]:1)/-28.20/FreeSolv/
methylparathion/[#6;!R]-[#8+0;!R]-P(=[#16])(-[#8+0;!R]-[#6;!R])(-[#8+0;!R]-[#6]1:[#6]:[#6]:[#6](-[#7+](=[#8+0])(-[#8-])):[#6]:[#6]:1)/-30.08/FreeSolv/
methyl2-cyanoacetate/[#6;!R]-[#8+0]-[#6](=[#8+0])-[#6;!R]-[#6]#[#7+0]/-28.12/FreeSolv/
butylnitrate/[#6;!R]-[#6;!R]-[#6;!R]-[#6;!R]-[#8+0;!R]-[#7+;!R](=[#8+0])(-[#8-])/-8.74/FreeSolv/
isobutylnitrate/[#6;!R](-[#6;!R])(-[#6;!R])-[#6;!R]-[#8+0;!R]-[#7+;!R](=[#8+0])(-[#8-])/-7.87/FreeSolv/
methyl-2,2,2-trifluoroacetate/[#6;!R]-[#8+0]-[#6](=[#8+0])-[#6](-[#9])(-[#9])(-[#9])/-4.60/FreeSolv/
2-methylbenzaldehyde/[#8+0]=[#6;!R]-[#6]1:[#6](-[#6;!R]):[#6]:[#6]:[#6]:[#6]:1/-16.44/FreeSolv/
dibenzo-p-dioxin/[#8+0]-1-[#6]2:[#6]:[#6]:[#6]:[#6]:[#6]:2-[#8+0]-[#6]2:[#6]1:[#6]:[#6]:[#6]:[#6]:2/-13.18/FreeSolv/
1,2,4-trichlorodibenzo-p-dioxin/[#8+0]-1-[#6]2:[#6](-[#17]):[#6](-[#17]):[#6]:[#6](-[#17]):[#6]:2-[#8+0]-[#6]2:[#6]1:[#6]:[#6]:[#6]:[#6]:2/-16.95/FreeSolv/
2,3-dichlorodibenzo-p-dioxin/[#8+0]-1-[#6]2:[#6]:[#6](-[#17]):[#6](-[#17]):[#6]:[#6]:2-[#8+0]-[#6]2:[#6]1:[#6]:[#6]:[#6]:[#6]:2/-14.90/FreeSolv/
2,7-dichlorodibenzo-p-dioxin/[#8+0]-1-[#6]2:[#6]:[#6](-[#17]):[#6]:[#6]:[#6]:2-[#8+0]-[#6]2:[#6]1:[#6]:[#6]:[#6](-[#17]):[#6]:2/-15.36/FreeSolv/
1-Chlorodibenzo-p-dioxin/[#8+0]-1-[#6]2:[#6](-[#17]):[#6]:[#6]:[#6]:[#6]:2-[#8+0]-[#6]2:[#6]1:[#6]:[#6]:[#6]:[#6]:2/-14.73/FreeSolv/
1,2,3,4-tetrachlorodibenzo-p-dioxin/[#8+0]-1-[#6]2:[#6](-[#17]):[#6](-[#17]):[#6](-[#17]):[#6](-[#17]):[#6]:2-[#8+0]-[#6]2:[#6]1:[#6]:[#6]:[#6]:[#6]:2/-15.94/FreeSolv/
2,3,7,8-tetrachlorodibenzo-p-dioxin/[#8+0]-1-[#6]2:[#6]:[#6](-[#17]):[#6](-[#17]):[#6]:[#6]:2-[#8+0]-[#6]2:[#6]1:[#6]:[#6](-[#17]):[#6](-[#17]):[#6]:2/-14.10/FreeSolv/
1,2,3,7-tetrachlorodibenzo-p-dioxin/[#8+0]-1-[#6]2:[#6]:[#6](-[#17]):[#6](-[#17]):[#6](-[#17]):[#6]:2-[#8+0]-[#6]2:[#6]1:[#6]:[#6](-[#17]):[#6]:[#6]:2/-16.07/FreeSolv/
2-chlorodibenzo-p-dioxin/[#8+0]-1-[#6]2:[#6]:[#6](-[#17]):[#6]:[#6]:[#6]:2-[#8+0]-[#6]2:[#6]1:[#6]:[#6]:[#6]:[#6]:2/-12.97/FreeSolv/
1,2,3,4,7,8-hexachlorodibenzo-p-dioxin/[#8+0]-1-[#6]2:[#6](-[#17]):[#6](-[#17]):[#6](-[#17]):[#6](-[#17]):[#6]:2-[#8+0]-[#6]2:[#6]1:[#6]:[#6](-[#17]):[#6](-[#17]):[#6]:2/-15.52/FreeSolv/
isoprene/[#6;!R]=[#6;!R]-[#6;!R](=[#6;!R])-[#6;!R]/2.85/FreeSolv/
N,N-dipropyl(propylsulfanyl)formamide/[#6;!R]-[#6;!R]-[#6;!R]-[#16;!R]-[#6;!R](=[#8+0])-[#7+0](-[#6;!R]-[#6;!R]-[#6;!R])-[#6;!R]-[#6;!R]-[#6;!R]/-17.28/FreeSolv/
N-butyl-N-ethyl(propylsulfanyl)formamide/[#6;!R]-[#6;!R]-[#6;!R]-[#6;!R]-[#7+0;!R](-[#6;!R]-[#6;!R])-[#6;!R](=[#8+0])-[#16;!R]-[#6;!R]-[#6;!R]-[#6;!R]/-15.23/FreeSolv/
simazine/[#7+0]1:[#6](-[#17]):[#7+0]:[#6](-[#7+0H;!R]-[#6;!R]-[#6;!R]):[#7+0]:[#6]:1(-[#7+0H;!R]-[#6;!R]-[#6;!R])/-42.76/FreeSolv/
alachlor/[#6]1:[#6](-[#6;!R]-[#6;!R]):[#6](-[#7+0;!R](-[#6;!R]-[#8+0;!R]-[#6;!R])(-[#6;!R](=[#8+0])-[#6;!R]-[#17])):[#6](-[#6;!R]-[#6;!R]):[#6]:[#6]:1/-34.35/FreeSolv/
quinone/[#6]1-[#6](=[#8+0])-[#6]=[#6]-[#6](=[#8+0])-[#6]=1/-27.20/FreeSolv/
1-aminoanthraquinone/[#6]3:[#6]:[#6]2-[#6](=[#8+0])-[#6]1:[#6](-[#7+0;!R]):[#6]:[#6]:[#6]:[#6]:1-[#6](=[#8+0])-[#6]:2:[#6]:[#6]:3/-39.50/FreeSolv/
2-amino-9,10-anthraquinone/[#6]3:[#6]:[#6]2-[#6](=[#8+0])-[#6]1:[#6]:[#6](-[#7+0H2;!R]):[#6]:[#6]:[#6]:1-[#6](=[#8+0])-[#6]:2:[#6]:[#6]:3/-48.24/FreeSolv/
1-(2-hydroxyethylamino)-9,10-anthraquinone/[#6]3:[#6]:[#6]2-[#6](=[#8+0])-[#6]1:[#6]:[#6](-[#7+0H;!R]-[#6;!R]-[#6;!R]-[#8+0H]):[#6]:[#6]:[#6]:1-[#6](=[#8+0])-[#6]:2:[#6]:[#6]:3/-59.45/FreeSolv/
N,N-dimethylformamide/[#6;!R](=[#8+0;!R])-[#7+0;!R](-[#6;!R])-[#6;!R]/-32.68/FreeSolv/
1-butoxy-2-propanol/[#6;!R]-[#6;!R](-[#8+0H;!R])-[#6;!R]-[#8+0;!R]-[#6;!R]-[#6;!R]-[#6;!R]-[#6;!R]/-23.97/FreeSolv/
2-methylbut-2-ene/[#6;!R](=[#6;!R]-[#6;!R])(-[#6;!R])-[#6;!R]/5.48/FreeSolv/
imidazole/[#7+0]1:[#6]:[#6]:[#7+0]:[#6]:1/-40.29/FreeSolv/
3-phenylpropanol/[#6]1:[#6]:[#6]:[#6]:[#6]:[#6]:1-[#6;!R]-[#6;!R]-[#6;!R]-[#8+0H;!R]/-28.95/FreeSolv/
N-(3,4-dichlorophenyl)propanimidicacid/[#6]1:[#6]:[#6](-[#17]):[#6](-[#17]):[#6]:[#6]:1-[#7+0;!R]=[#6;!R](-[#8+0H;!R])-[#6;!R]-[#6;!R]/-32.55/FreeSolv/
2-ethoxyethylacetate/[#6;!R]-[#6;!R](=[#8+0])-[#8+0;!R]-[#6;!R]-[#6;!R]-[#8+0;!R]-[#6;!R]-[#6;!R]/-22.22/FreeSolv/
benzamide/[#6]1:[#6]:[#6]:[#6]:[#6]:[#6]:1-[#6;!R](=[#8+0])-[#7+0H2]/-46.02/FreeSolv/
N,N-dimethyl-4-nitro-benzamide/[#7+;!R](=[#8+0])(-[#8-])-[#6]1:[#6]:[#6]:[#6](-[#6;!R](=[#8+0])-[#7+0;!R](-[#6;!R])-[#6;!R]):[#6]:[#6]:1/-50.00/FreeSolv/
N,N-dimethyl-benzamide/[#6]1:[#6]:[#6]:[#6](-[#6;!R](=[#8+0])-[#7+0;!R](-[#6;!R])-[#6;!R]):[#6]:[#6]:1/-38.87/FreeSolv/
N,N-4-trimethylbenzamide/[#6](-[#6;!R])1:[#6]:[#6]:[#6](-[#6;!R](=[#8+0])-[#7+0;!R](-[#6;!R])-[#6;!R]):[#6]:[#6]:1/-40.84/FreeSolv/
4-methoxy-N,N-dimethyl-benzamide/[#6;!R]-[#8+0]-[#6]1:[#6]:[#6]:[#6](-[#6;!R](=[#8+0])-[#7+0;!R](-[#6;!R])-[#6;!R]):[#6]:[#6]:1/-46.07/FreeSolv/
hexanamide/[#6;!R]-[#6;!R]-[#6;!R]-[#6;!R]-[#6;!R]-[#6;!R](=[#8+0])-[#7+0H2;!R]/-38.95/FreeSolv/
3-chloropro-1-ene/[#6;!R]=[#6;!R]-[#6;!R]-[#17]/-2.38/FreeSolv/
methyl2-chloroacetate/[#6;!R](=[#8+0;!R])(-[#8+0;!R]-[#6;!R])-[#6;!R]-[#17]/-16.74/FreeSolv/
fenuron/[#6]1:[#6]:[#6]:[#6]:[#6]:[#6]:1-[#7+0;!R]=[#6;!R](-[#8+0H])-[#7+0;!R](-[#6;!R])-[#6;!R]/-38.20/FreeSolv/
2-(nitrooxy)ethan-1-ol/[#8+0;!R](-[#6;!R]-[#6;!R]-[#8+0H;!R])-[#7+;!R](=[#8+0])-[#8-]/-34.23/FreeSolv/
carbofuran/[#6]12:[#6](-[#8+0]-[#6](-[#6;!R])(-[#6;!R])-[#6]-1):[#6](-[#8+0;!R]-[#6;!R](=[#8+0])-[#7+0H;!R]-[#6;!R]):[#6]:[#6]:[#6]:2/-40.21/FreeSolv/
2-chloro-1-(2,4-dichlorophenyl)ethenyldiethylphosphate/[#6]1:[#6]:[#6](-[#17]):[#6]:[#6](-[#17]):[#6]:1-[#6](=[#6;!R]-[#17])-[#8+0]-P(=[#8+0])(-[#8+0]-[#6;!R]-[#6;!R])-[#8+0]-[#6;!R]-[#6;!R]/-29.58/FreeSolv/
terbutryn/[#6;!R]-[#6;!R]-[#7+0H;!R]-[#6]1:[#7+0]:[#6](-[#16]-[#6;!R]):[#7+0]:[#6](-[#7+0H;!R]-[#6;!R](-[#6;!R])(-[#6;!R])-[#6;!R]):[#7+0]:1/-27.95/FreeSolv/
2,3-diacetoxypropylacetate/[#6;!R]-[#6;!R](=[#8+0])-[#8+0;!R]-[#6;!R]-[#6;!R](-[#8+0]-[#6](=[#8+0])-[#6;!R])-[#6;!R]-[#8+0;!R]-[#6;!R](=[#8+0;!R])-[#6;!R]/-36.99/FreeSolv/
2-chlorosyringaldehyde/[#6](-[#8+0]-[#6;!R])1:[#6]:[#6](-[#6;!R]=[#8+0]):[#6](-[#17]):[#6](-[#8+0]-[#6;!R]):[#6]:1-[#8+0H]/-32.55/FreeSolv/
2,6-dichlorosyringaldehyde/[#6](-[#8+0]-[#6;!R])1:[#6](-[#17]):[#6](-[#6;!R]=[#8+0]):[#6](-[#17]):[#6](-[#8+0]-[#6;!R]):[#6]:1-[#8+0H]/-36.32/FreeSolv/
4-methylbenzaldehyde/[#8+0]=[#6;!R]-[#6]1:[#6]:[#6]:[#6](-[#6;!R]):[#6]:[#6]:1/-17.87/FreeSolv/
diphenylether/[#6]1:[#6]:[#6]:[#6]:[#6]:[#6]:1-[#8+0]-[#6]2:[#6]:[#6]:[#6]:[#6]:[#6]:2/-12.01/FreeSolv/
quinoline/[#6]12:[#6](:[#6]:[#6]:[#6]:[#6]:1):[#7+0]:[#6]:[#6]:[#6]:2/-23.93/FreeSolv/
dimethylsulfate/[#6;!R]-[#8+0]-[#16](=[#8+0])(=[#8+0])-[#8+0;!R]-[#6;!R]/-21.34/FreeSolv/
2-methylpropanal/[#6;!R]-[#6;!R](-[#6;!R])-[#6;!R]=[#8+0;!R]/-11.97/FreeSolv/
1-methylimidazole/[#7+0](-[#6;!R])1:[#6]:[#6]:[#7+0]:[#6]:1/-35.19/FreeSolv/
3,3-dimethylbutan-2-one/[#6;!R]-[#6;!R](-[#6;!R])(-[#6;!R])-[#6;!R](-[#6;!R])=[#8+0;!R]/-13.01/FreeSolv/
Amitriptyline/[#6;R](=[#6;!R]-[#6;!R]-[#6;!R]-[#7+0;!R](-[#6;!R])-[#6;!R])-1-[#6]2:[#6]:[#6]:[#6]:[#6]:[#6]:2-[#6]-[#6;R]-[#6;R]2:[#6]1:[#6]:[#6]:[#6]:[#6]:2/-31.09/FreeSolv/
aldicarb/[#6;!R]-[#16;!R]-[#6;!R](-[#6;!R])(-[#6;!R])-[#6;!R]=[#7+0;!R]-[#8+0]-[#6;!R](=[#8+0])-[#7+0H;!R]-[#6;!R]/-41.17/FreeSolv/
indane/[#6]12:[#6](:[#6]:[#6]:[#6]:[#6]:1)-[#6]-[#6]-[#6]-2/-6.11/FreeSolv/
nitroxyacetone/[#6;!R]-[#6;!R](=[#8+0])-[#6;!R]-[#8+0]-[#7+;!R](=[#8+0])-[#8-]/-25.06/FreeSolv/
acetone/[#6;!R]-[#6;!R](=[#8+0])-[#6;!R]-[#8+0]/-15.90/FreeSolv/
1-phenylimidazole/[#7+0](-[#6;!R]-[#6]2:[#6]:[#6]:[#6]:[#6]:[#6]:2)1:[#6]:[#6]:[#7+0]:[#6]:1/-31.92/FreeSolv/
1,1-diphenylethene/[#6]1:[#6]:[#6]:[#6]:[#6]:[#6]:1-[#6;!R](=[#6;!R])-[#6]2:[#6]:[#6]:[#6]:[#6]:[#6]:2/-11.63/FreeSolv/
1-acetoxyethylacetate/[#6;!R]-[#6;!R](=[#8+0])-[#8+0;!R]-[#6;!R](-[#6;!R])-[#8+0;!R]-[#6;!R](=[#8+0])-[#6;!R]/-20.79/FreeSolv/
